,Project Keywords SH5 *Word frequency cunter: http://www.textfixer.com/tools/online-word-counter.php#newText2,,
,Project code ,Keywords,freq
SH5,201007,inscriptions,8
SH5,201007,arabia,5
SH5,201007,islamic,4
SH5,201007,pre,4
SH5,201007,dasi,3
SH5,201007,epigraphic,3
SH5,201007,known,3
SH5,201007,arabian,3
SH5,201007,left,2
SH5,201007,virtual,2
SH5,201007,cultures,2
SH5,201007,texts,2
SH5,201007,physically,2
SH5,201007,corpus,2
SH5,201007,existing,2
SH5,201007,archive,2
SH5,201007,over,2
SH5,201007,csai,2
SH5,201007,terms,2
SH5,201007,world,1
SH5,201007,private,1
SH5,201007,well,1
SH5,201007,archaeological,1
SH5,201007,places,1
SH5,201007,different,1
SH5,201007,whole,1
SH5,201007,important,1
SH5,201007,scope,1
SH5,201007,history,1
SH5,201007,tens,1
SH5,201007,fact,1
SH5,201007,collect,1
SH5,201007,studied,1
SH5,201007,found,1
SH5,201007,artistic,1
SH5,201007,majority,1
SH5,201007,wealth,1
SH5,201007,apply,1
SH5,201007,improve,1
SH5,201007,basis,1
SH5,201007,study,1
SH5,201007,islam,1
SH5,201007,lands,1
SH5,201007,exclusively,1
SH5,201007,computer,1
SH5,201007,difficult,1
SH5,201007,scholars,1
SH5,201007,overly,1
SH5,201007,intended,1
SH5,201007,resources,1
SH5,201007,obliged,1
SH5,201007,interest,1
SH5,201007,http,1
SH5,201007,flourished,1
SH5,201007,humnet,1
SH5,201007,draw,1
SH5,201007,unipi,1
SH5,201007,cultural,1
SH5,201007,methodology,1
SH5,201007,better,1
SH5,201007,achieve,1
SH5,201007,interpret,1
SH5,201007,modern,1
SH5,201007,before,1
SH5,201007,contents,1
SH5,201007,narrow,1
SH5,201007,creating,1
SH5,201007,enrich,1
SH5,201007,digital,1
SH5,201007,project,1
SH5,201007,level,1
SH5,201007,inhabitants,1
SH5,201007,advent,1
SH5,201007,behind,1
SH5,201007,become,1
SH5,201007,main,1
SH5,201007,material,1
SH5,201007,place,1
SH5,201007,considerations,1
SH5,201007,gathered,1
SH5,201007,objective,1
SH5,201007,managed,1
SH5,201007,civilizations,1
SH5,201007,consulted,1
SH5,201007,quality,1
SH5,201007,thousands,1
SH5,201007,technology,1
SH5,201007,ambient,1
SH5,201007,south,1
SH5,201007,outdated,1
SH5,201007,remarkable,1
SH5,201007,peninsula,1
SH5,201007,distinctive,1
SH5,201007,relatively,1
SH5,201007,located,1
SH5,201007,faraway,1
SH5,201007,such,1
SH5,201007,sites,1
SH5,201007,museums,1
SH5,201007,collections,1
SH5,201007,document,1
SH5,201007,overall,1
SH5,201007,now,1
SH5,201007,perception,1
SH5,201007,lost,1
SH5,201007,knowledge,1
SH5,201007,thorough,1
SH5,201007,heritage,1
SH5,201007,previous,1
SH5,201007,very,1
SH5,201007,publications,1
SH5,201007,young,1
SH5,201007,actually,1
SH5,201007,field,1
SH5,201007,cataloguing,1
SH5,201007,consequently,1
SH5,201007,studying,1
SH5,201007,languages,1
SH5,201007,aim,1
SH5,201020,culture,6
SH5,201020,oral,4
SH5,201020,written,3
SH5,201020,performance,3
SH5,201020,social,3
SH5,201020,orality,2
SH5,201020,such,2
SH5,201020,research,2
SH5,201020,throughout,2
SH5,201020,modern,2
SH5,201020,study,2
SH5,201020,texts,2
SH5,201020,both,2
SH5,201020,private,2
SH5,201020,early,2
SH5,201020,new,2
SH5,201020,cultural,2
SH5,201020,used,2
SH5,201020,entertainment,1
SH5,201020,scripted,1
SH5,201020,oratory,1
SH5,201020,ritual,1
SH5,201020,including,1
SH5,201020,classes,1
SH5,201020,men,1
SH5,201020,houses,1
SH5,201020,academies,1
SH5,201020,chambers,1
SH5,201020,courts,1
SH5,201020,encompass,1
SH5,201020,linguistic,1
SH5,201020,politics,1
SH5,201020,key,1
SH5,201020,focus,1
SH5,201020,writing,1
SH5,201020,far,1
SH5,201020,asked,1
SH5,201020,recapture,1
SH5,201020,uniquely,1
SH5,201020,thus,1
SH5,201020,intensively,1
SH5,201020,forms,1
SH5,201020,provide,1
SH5,201020,depended,1
SH5,201020,left,1
SH5,201020,important,1
SH5,201020,between,1
SH5,201020,constant,1
SH5,201020,mainly,1
SH5,201020,sung,1
SH5,201020,integrated,1
SH5,201020,life,1
SH5,201020,interaction,1
SH5,201020,verbal,1
SH5,201020,solely,1
SH5,201020,transmitting,1
SH5,201020,correspondence,1
SH5,201020,aesthetic,1
SH5,201020,minority,1
SH5,201020,values,1
SH5,201020,horizons,1
SH5,201020,roles,1
SH5,201020,voices,1
SH5,201020,discussion,1
SH5,201020,italy,1
SH5,201020,italian,1
SH5,201020,challenge,1
SH5,201020,rich,1
SH5,201020,spoken,1
SH5,201020,pioneering,1
SH5,201020,renaissance,1
SH5,201020,opening,1
SH5,201020,through,1
SH5,201020,neglected,1
SH5,201020,correlated,1
SH5,201020,expression,1
SH5,201020,studies,1
SH5,201020,first,1
SH5,201020,traces,1
SH5,201020,word,1
SH5,201020,opinions,1
SH5,201020,church,1
SH5,201020,whole,1
SH5,201020,sources,1
SH5,201020,period,1
SH5,201020,practices,1
SH5,201020,diaries,1
SH5,201020,intellectual,1
SH5,201020,archival,1
SH5,201020,information,1
SH5,201020,records,1
SH5,201020,household,1
SH5,201020,literary,1
SH5,201020,prominent,1
SH5,201020,treatises,1
SH5,201020,society,1
SH5,201020,shaped,1
SH5,201020,uneducated,1
SH5,201020,formal,1
SH5,201020,play,1
SH5,201020,question,1
SH5,201020,relate,1
SH5,201020,independent,1
SH5,201020,investigation,1
SH5,201020,four,1
SH5,201020,areas,1
SH5,201020,religion,1
SH5,201020,usage,1
SH5,201020,spaces,1
SH5,201020,council,1
SH5,201020,churches,1
SH5,201020,streets,1
SH5,201020,countryside,1
SH5,201020,women,1
SH5,201020,contexts,1
SH5,201020,ceremonial,1
SH5,201020,events,1
SH5,201020,public,1
SH5,201020,improvised,1
SH5,201020,unique,1
SH5,201020,informal,1
SH5,201020,lead,1
SH5,201020,enriched,1
SH5,201020,understanding,1
SH5,201020,literate,1
SH5,201020,functions,1
SH5,201020,ephemeral,1
SH5,201020,exceptionally,1
SH5,201020,fundamental,1
SH5,201020,wide,1
SH5,201020,palazzo,1
SH5,201020,spectrum,1
SH5,201020,world,1
SH5,201020,languages,1
SH5,201020,piazza,1
SH5,201020,peninsula,1
SH5,201020,project,1
SH5,201021,philosophy,4
SH5,201021,texts,3
SH5,201021,project,3
SH5,201021,information,3
SH5,201021,mediterranean,2
SH5,201021,history,2
SH5,201021,manuscripts,2
SH5,201021,systematic,2
SH5,201021,syriac,2
SH5,201021,arabic,2
SH5,201021,thus,2
SH5,201021,operational,1
SH5,201021,abjad,1
SH5,201021,cross,1
SH5,201021,work,1
SH5,201021,creative,1
SH5,201021,direct,1
SH5,201021,translate,1
SH5,201021,needs,1
SH5,201021,renaissance,1
SH5,201021,collectors,1
SH5,201021,islam,1
SH5,201021,reason,1
SH5,201021,products,1
SH5,201021,clear,1
SH5,201021,finally,1
SH5,201021,institutions,1
SH5,201021,world,1
SH5,201021,manuscript,1
SH5,201021,transmissions,1
SH5,201021,kinds,1
SH5,201021,examination,1
SH5,201021,readers,1
SH5,201021,new,1
SH5,201021,sponsors,1
SH5,201021,identify,1
SH5,201021,copyists,1
SH5,201021,collections,1
SH5,201021,circulated,1
SH5,201021,places,1
SH5,201021,much,1
SH5,201021,reception,1
SH5,201021,languages,1
SH5,201021,thanks,1
SH5,201021,given,1
SH5,201021,understanding,1
SH5,201021,instead,1
SH5,201021,pooling,1
SH5,201021,thorough,1
SH5,201021,combining,1
SH5,201021,transmission,1
SH5,201021,libraries,1
SH5,201021,context,1
SH5,201021,more,1
SH5,201021,discovering,1
SH5,201021,works,1
SH5,201021,greek,1
SH5,201021,major,1
SH5,201021,catalogues,1
SH5,201021,methodical,1
SH5,201021,numerous,1
SH5,201021,solve,1
SH5,201021,two,1
SH5,201021,phic,1
SH5,201021,aims,1
SH5,201021,conditions,1
SH5,201021,chance,1
SH5,201021,difficulties,1
SH5,201021,etc,1
SH5,201021,research,1
SH5,201021,buried,1
SH5,201021,way,1
SH5,201021,tradition,1
SH5,201021,possible,1
SH5,201021,idea,1
SH5,201021,pure,1
SH5,201021,welcomed,1
SH5,201021,motivations,1
SH5,201021,europe,1
SH5,201021,satisfy,1
SH5,201021,scholarship,1
SH5,201021,provide,1
SH5,201021,inspiration,1
SH5,201021,thinking,1
SH5,201021,based,1
SH5,201021,allowed,1
SH5,201021,database,1
SH5,201021,within,1
SH5,201021,knowledge,1
SH5,201021,itself,1
SH5,201021,philology,1
SH5,201021,requires,1
SH5,201021,codicology,1
SH5,201021,strongly,1
SH5,201021,computer,1
SH5,201021,interdisciplinary,1
SH5,201021,science,1
SH5,201021,approach,1
SH5,201024,historical,5
SH5,201024,research,4
SH5,201024,guilds,3
SH5,201024,artist,3
SH5,201024,sources,2
SH5,201024,guild,2
SH5,201024,one,2
SH5,201024,training,2
SH5,201024,artistic,2
SH5,201024,social,2
SH5,201024,central,2
SH5,201024,europe,2
SH5,201024,artisan,2
SH5,201024,project,2
SH5,201024,structured,1
SH5,201024,critical,1
SH5,201024,aim,1
SH5,201024,relevance,1
SH5,201024,type,1
SH5,201024,noted,1
SH5,201024,hitherto,1
SH5,201024,regulations,1
SH5,201024,german,1
SH5,201024,napoleon,1
SH5,201024,dissolved,1
SH5,201024,academies,1
SH5,201024,institutionalise,1
SH5,201024,numerous,1
SH5,201024,jurisdictions,1
SH5,201024,image,1
SH5,201024,roman,1
SH5,201024,current,1
SH5,201024,personal,1
SH5,201024,components,1
SH5,201024,example,1
SH5,201024,ranging,1
SH5,201024,sided,1
SH5,201024,end,1
SH5,201024,explores,1
SH5,201024,study,1
SH5,201024,various,1
SH5,201024,approach,1
SH5,201024,thus,1
SH5,201024,artists,1
SH5,201024,cross,1
SH5,201024,geography,1
SH5,201024,pre,1
SH5,201024,linguistic,1
SH5,201024,empire,1
SH5,201024,disciplines,1
SH5,201024,1800,1
SH5,201024,changing,1
SH5,201024,history,1
SH5,201024,times,1
SH5,201024,moreover,1
SH5,201024,borders,1
SH5,201024,network,1
SH5,201024,area,1
SH5,201024,cases,1
SH5,201024,modern,1
SH5,201024,sizes,1
SH5,201024,dynamism,1
SH5,201024,culture,1
SH5,201024,examine,1
SH5,201024,negative,1
SH5,201024,aspects,1
SH5,201024,viewed,1
SH5,201024,embracing,1
SH5,201024,knit,1
SH5,201024,permitted,1
SH5,201024,exchange,1
SH5,201024,move,1
SH5,201024,idea,1
SH5,201024,ideas,1
SH5,201024,freely,1
SH5,201024,complements,1
SH5,201024,establish,1
SH5,201024,first,1
SH5,201024,art,1
SH5,201024,time,1
SH5,201024,markets,1
SH5,201024,border,1
SH5,201024,referring,1
SH5,201024,structure,1
SH5,201024,model,1
SH5,201024,areas,1
SH5,201024,part,1
SH5,201024,experienced,1
SH5,201024,hierarchical,1
SH5,201024,using,1
SH5,201024,european,1
SH5,201024,different,1
SH5,201024,society,1
SH5,201024,networks,1
SH5,201024,except,1
SH5,201024,wide,1
SH5,201024,studies,1
SH5,201024,holy,1
SH5,201024,bound,1
SH5,201024,attempts,1
SH5,201024,transfer,1
SH5,201024,succeeded,1
SH5,201024,under,1
SH5,201024,edition,1
SH5,201024,language,1
SH5,201024,make,1
SH5,201024,little,1
SH5,201024,source,1
SH5,201024,major,1
SH5,201024,accessible,1
SH5,201024,assemble,1
SH5,201024,corpus,1
SH5,201024,according,1
SH5,201024,revise,1
SH5,201024,cities,1
SH5,201024,associations,1
SH5,201024,second,1
SH5,201024,developed,1
SH5,201024,analyse,1
SH5,201024,neighbouring,1
SH5,201024,contexts,1
SH5,201024,based,1
SH5,201024,synergy,1
SH5,201024,tightly,1
SH5,201024,effects,1
SH5,201024,court,1
SH5,200911,net,4
SH5,200911,different,3
SH5,200911,drama,3
SH5,200911,human,3
SH5,200911,cultural,3
SH5,200911,first,3
SH5,200911,european,3
SH5,200911,material,3
SH5,200911,culture,3
SH5,200911,formal,3
SH5,200911,nets,3
SH5,200911,driven,3
SH5,200911,media,2
SH5,200911,project,2
SH5,200911,organization,2
SH5,200911,mass,2
SH5,200911,case,2
SH5,200911,metaphor,2
SH5,200911,regions,2
SH5,200911,thus,2
SH5,200911,control,2
SH5,200911,basic,2
SH5,200911,modern,2
SH5,200911,considered,2
SH5,200911,cultures,2
SH5,200911,national,2
SH5,200911,artefacts,2
SH5,200911,aims,2
SH5,200911,floating,2
SH5,200911,history,2
SH5,200911,patterns,1
SH5,200911,period,1
SH5,200911,visual,1
SH5,200911,public,1
SH5,200911,later,1
SH5,200911,investigate,1
SH5,200911,reception,1
SH5,200911,historical,1
SH5,200911,explain,1
SH5,200911,establishes,1
SH5,200911,difficult,1
SH5,200911,bound,1
SH5,200911,longer,1
SH5,200911,western,1
SH5,200911,areas,1
SH5,200911,beyond,1
SH5,200911,eras,1
SH5,200911,never,1
SH5,200911,stemming,1
SH5,200911,centre,1
SH5,200911,texts,1
SH5,200911,time,1
SH5,200911,humans,1
SH5,200911,outlined,1
SH5,200911,practice,1
SH5,200911,transculturality,1
SH5,200911,scrutiny,1
SH5,200911,performance,1
SH5,200911,ensuing,1
SH5,200911,constructed,1
SH5,200911,transport,1
SH5,200911,logic,1
SH5,200911,circulate,1
SH5,200911,set,1
SH5,200911,hierarchical,1
SH5,200911,constraints,1
SH5,200911,complete,1
SH5,200911,belief,1
SH5,200911,power,1
SH5,200911,completely,1
SH5,200911,subject,1
SH5,200911,approach,1
SH5,200911,pursues,1
SH5,200911,perspectives,1
SH5,200911,explanatory,1
SH5,200911,branch,1
SH5,200911,out,1
SH5,200911,open,1
SH5,200911,freely,1
SH5,200911,objective,1
SH5,200911,common,1
SH5,200911,phenomenon,1
SH5,200911,extend,1
SH5,200911,early,1
SH5,200911,between,1
SH5,200911,without,1
SH5,200911,second,1
SH5,200911,productivity,1
SH5,200911,investigating,1
SH5,200911,theory,1
SH5,200911,analysis,1
SH5,200911,basis,1
SH5,200911,non,1
SH5,200911,allowed,1
SH5,200911,structure,1
SH5,200911,comprehensive,1
SH5,200911,casts,1
SH5,200911,exploring,1
SH5,200911,ritual,1
SH5,200911,unknown,1
SH5,200911,those,1
SH5,200911,nationality,1
SH5,200911,capacity,1
SH5,200911,money,1
SH5,200911,times,1
SH5,200911,standard,1
SH5,200911,accounted,1
SH5,200911,terms,1
SH5,200911,regard,1
SH5,200911,float,1
SH5,200911,aforementioned,1
SH5,200911,particular,1
SH5,200911,three,1
SH5,200911,traits,1
SH5,200911,theoretical,1
SH5,200911,mechanisms,1
SH5,200911,submitted,1
SH5,200911,standards,1
SH5,200911,degrees,1
SH5,200911,whose,1
SH5,200911,entelechical,1
SH5,200911,accomplishment,1
SH5,200911,giving,1
SH5,200911,observed,1
SH5,200911,initially,1
SH5,200911,explained,1
SH5,200911,value,1
SH5,200911,differing,1
SH5,200911,boundaries,1
SH5,200911,levels,1
SH5,200911,form,1
SH5,200919,arabic,6
SH5,200919,aristotle,3
SH5,200919,philosophy,2
SH5,200919,theology,2
SH5,200919,computational,2
SH5,200919,translations,2
SH5,200919,edited,2
SH5,200919,neoplatonic,2
SH5,200919,project,2
SH5,200919,medieval,2
SH5,200919,first,1
SH5,200919,develop,1
SH5,200919,graeco,1
SH5,200919,enneads,1
SH5,200919,fact,1
SH5,200919,prominent,1
SH5,200919,one,1
SH5,200919,writings,1
SH5,200919,under,1
SH5,200919,aristotelianism,1
SH5,200919,islamic,1
SH5,200919,albeit,1
SH5,200919,extant,1
SH5,200919,viewpoint,1
SH5,200919,plotinus,1
SH5,200919,name,1
SH5,200919,exists,1
SH5,200919,main,1
SH5,200919,both,1
SH5,200919,latin,1
SH5,200919,poorly,1
SH5,200919,text,1
SH5,200919,tradition,1
SH5,200919,crucial,1
SH5,200919,circulated,1
SH5,200919,origin,1
SH5,200919,running,1
SH5,200919,commented,1
SH5,200919,commentary,1
SH5,200919,credited,1
SH5,200919,derived,1
SH5,200919,greek,1
SH5,200919,reality,1
SH5,200919,lexicon,1
SH5,200919,features,1
SH5,200919,philosophical,1
SH5,200919,linguistic,1
SH5,200919,works,1
SH5,200919,study,1
SH5,200919,upon,1
SH5,200919,resource,1
SH5,200919,time,1
SH5,200919,genesis,1
SH5,200919,allows,1
SH5,200919,still,1
SH5,200919,ancient,1
SH5,200919,translated,1
SH5,200919,interact,1
SH5,200919,critically,1
SH5,200919,linguistics,1
SH5,200919,called,1
SH5,200926,music,12
SH5,200926,research,6
SH5,200926,digital,4
SH5,200926,musical,4
SH5,200926,theory,4
SH5,200926,musics,4
SH5,200926,contemporary,4
SH5,200926,project,4
SH5,200926,social,4
SH5,200926,transformations,3
SH5,200926,programme,3
SH5,200926,cultural,3
SH5,200926,practices,2
SH5,200926,forms,2
SH5,200926,each,2
SH5,200926,mediation,2
SH5,200926,innovative,2
SH5,200926,state,2
SH5,200926,institutional,2
SH5,200926,interdisciplinary,2
SH5,200926,given,2
SH5,200926,object,2
SH5,200926,disciplines,2
SH5,200926,between,2
SH5,200926,first,2
SH5,200926,advance,2
SH5,200926,anthropological,2
SH5,200926,aims,2
SH5,200926,vernacular,2
SH5,200926,nature,2
SH5,200926,commercial,2
SH5,200926,media,2
SH5,200926,performance,2
SH5,200926,digitization,2
SH5,200926,art,2
SH5,200926,technologies,2
SH5,200926,methodology,2
SH5,200926,popular,2
SH5,200926,political,1
SH5,200926,case,1
SH5,200926,improvisation,1
SH5,200926,interrelated,1
SH5,200926,ease,1
SH5,200926,combining,1
SH5,200926,musicology,1
SH5,200926,academic,1
SH5,200926,consumption,1
SH5,200926,test,1
SH5,200926,local,1
SH5,200926,comparative,1
SH5,200926,cultures,1
SH5,200926,related,1
SH5,200926,studied,1
SH5,200926,countries,1
SH5,200926,fundamental,1
SH5,200926,rapidly,1
SH5,200926,analyzing,1
SH5,200926,structures,1
SH5,200926,cuba,1
SH5,200926,being,1
SH5,200926,kenya,1
SH5,200926,studies,1
SH5,200926,analysis,1
SH5,200926,ethnographic,1
SH5,200926,address,1
SH5,200926,transnational,1
SH5,200926,centre,1
SH5,200926,groups,1
SH5,200926,comprehensively,1
SH5,200926,sociological,1
SH5,200926,creative,1
SH5,200926,genres,1
SH5,200926,privilege,1
SH5,200926,beyond,1
SH5,200926,changes,1
SH5,200926,comparisons,1
SH5,200926,focus,1
SH5,200926,circulation,1
SH5,200926,primarily,1
SH5,200926,industry,1
SH5,200926,developments,1
SH5,200926,seen,1
SH5,200926,modes,1
SH5,200926,divided,1
SH5,200926,element,1
SH5,200926,economic,1
SH5,200926,approaches,1
SH5,200926,digitized,1
SH5,200926,two,1
SH5,200926,vanguard,1
SH5,200926,significant,1
SH5,200926,such,1
SH5,200926,effects,1
SH5,200926,issues,1
SH5,200926,new,1
SH5,200926,components,1
SH5,200926,present,1
SH5,200926,certain,1
SH5,200926,bridges,1
SH5,200926,progresses,1
SH5,200926,divisions,1
SH5,200926,five,1
SH5,200926,expounding,1
SH5,200926,intrinsically,1
SH5,200926,focused,1
SH5,200926,yielding,1
SH5,200926,distribution,1
SH5,200926,one,1
SH5,200926,transformed,1
SH5,200926,integrates,1
SH5,200926,circulate,1
SH5,200926,conditions,1
SH5,200926,contributing,1
SH5,200926,second,1
SH5,200926,follow,1
SH5,200926,basis,1
SH5,200926,widely,1
SH5,200926,developing,1
SH5,200926,systematically,1
SH5,200926,aesthetic,1
SH5,200926,responded,1
SH5,200926,well,1
SH5,200926,altered,1
SH5,200926,diasporic,1
SH5,200926,current,1
SH5,200926,afforded,1
SH5,200926,field,1
SH5,200926,experience,1
SH5,200926,changing,1
SH5,200926,range,1
SH5,200926,economies,1
SH5,200926,wrought,1
SH5,200926,recent,1
SH5,200926,india,1
SH5,200926,elements,1
SH5,200926,turkey,1
SH5,200926,moreover,1
SH5,200926,emphasis,1
SH5,200926,addresses,1
SH5,200926,ethnography,1
SH5,200926,spectrum,1
SH5,200926,embedded,1
SH5,200926,instructive,1
SH5,200926,non,1
SH5,200926,discursive,1
SH5,200926,core,1
SH5,200926,analyse,1
SH5,200926,properties,1
SH5,200926,examining,1
SH5,200928,study,6
SH5,200928,research,4
SH5,200928,project,4
SH5,200928,monuments,3
SH5,200928,new,3
SH5,200928,process,2
SH5,200928,insights,2
SH5,200928,many,2
SH5,200928,proposes,2
SH5,200928,discourse,2
SH5,200928,relationships,2
SH5,200928,stages,2
SH5,200928,sites,2
SH5,200928,groups,2
SH5,200928,documentation,2
SH5,200928,interactive,2
SH5,200928,well,2
SH5,200928,through,2
SH5,200928,multimedia,2
SH5,200928,between,1
SH5,200928,papers,1
SH5,200928,clusters,1
SH5,200928,textual,1
SH5,200928,special,1
SH5,200928,notions,1
SH5,200928,dimensional,1
SH5,200928,integration,1
SH5,200928,architectures,1
SH5,200928,essential,1
SH5,200928,initial,1
SH5,200928,contribute,1
SH5,200928,icon,1
SH5,200928,iconic,1
SH5,200928,phenomenon,1
SH5,200928,narrative,1
SH5,200928,artifacts,1
SH5,200928,copy,1
SH5,200928,jerusalem,1
SH5,200928,original,1
SH5,200928,ambience,1
SH5,200928,fresh,1
SH5,200928,already,1
SH5,200928,network,1
SH5,200928,comparative,1
SH5,200928,probably,1
SH5,200928,impact,1
SH5,200928,sancta,1
SH5,200928,bringing,1
SH5,200928,beyond,1
SH5,200928,area,1
SH5,200928,creations,1
SH5,200928,reproduce,1
SH5,200928,real,1
SH5,200928,hundreds,1
SH5,200928,represent,1
SH5,200928,loca,1
SH5,200928,concerns,1
SH5,200928,numbered,1
SH5,200928,working,1
SH5,200928,complexes,1
SH5,200928,decor,1
SH5,200928,event,1
SH5,200928,ones,1
SH5,200928,generate,1
SH5,200928,comprehensive,1
SH5,200928,survey,1
SH5,200928,theoretical,1
SH5,200928,together,1
SH5,200928,considerable,1
SH5,200928,both,1
SH5,200928,pilgrimage,1
SH5,200928,conferences,1
SH5,200928,symposia,1
SH5,200928,data,1
SH5,200928,europe,1
SH5,200928,interpretations,1
SH5,200928,number,1
SH5,200928,comprehensively,1
SH5,200928,known,1
SH5,200928,never,1
SH5,200928,painted,1
SH5,200928,conceptualization,1
SH5,200928,aid,1
SH5,200928,such,1
SH5,200928,map,1
SH5,200928,space,1
SH5,200928,enact,1
SH5,200928,place,1
SH5,200928,completing,1
SH5,200928,lead,1
SH5,200928,three,1
SH5,200928,attempted,1
SH5,200928,spatial,1
SH5,200928,pertaining,1
SH5,200928,sacred,1
SH5,200928,devotionalism,1
SH5,200928,type,1
SH5,200928,memory,1
SH5,200928,practices,1
SH5,200928,field,1
SH5,200928,cross,1
SH5,200928,grouping,1
SH5,200928,leading,1
SH5,200928,several,1
SH5,200928,representative,1
SH5,200928,european,1
SH5,200928,levels,1
SH5,200928,topographical,1
SH5,200928,accompanied,1
SH5,200928,respective,1
SH5,200928,conclusion,1
SH5,200928,open,1
SH5,200928,reaching,1
SH5,200928,monumental,1
SH5,200928,discussions,1
SH5,200928,ongoing,1
SH5,200928,small,1
SH5,200928,totally,1
SH5,200928,exchange,1
SH5,200928,definition,1
SH5,200928,formation,1
SH5,200928,mnemonic,1
SH5,200928,related,1
SH5,200928,historical,1
SH5,200928,document,1
SH5,200928,conceptualize,1
SH5,200928,external,1
SH5,200928,image,1
SH5,200928,participation,1
SH5,200928,spaces,1
SH5,200928,results,1
SH5,200928,piety,1
SH5,200928,published,1
SH5,200928,include,1
SH5,200928,throughout,1
SH5,200928,referencing,1
SH5,200928,work,1
SH5,200928,crystallization,1
SH5,200928,book,1
SH5,200928,pan,1
SH5,200928,end,1
SH5,200928,exact,1
SH5,200928,period,1
SH5,200928,sculptural,1
SH5,200938,correspondence,4
SH5,200938,european,3
SH5,200938,culture,3
SH5,200938,period,2
SH5,200938,france,2
SH5,200938,art,2
SH5,200938,history,2
SH5,200938,expositions,2
SH5,200938,italy,2
SH5,200938,jacob,2
SH5,200938,germany,2
SH5,200938,cultural,2
SH5,200938,crucial,2
SH5,200938,burckhardt,2
SH5,200938,map,2
SH5,200938,ideals,1
SH5,200938,neo,1
SH5,200938,between,1
SH5,200938,paris,1
SH5,200938,one,1
SH5,200938,meaning,1
SH5,200938,intellectuals,1
SH5,200938,publish,1
SH5,200938,consequences,1
SH5,200938,caesarism,1
SH5,200938,states,1
SH5,200938,conflict,1
SH5,200938,separate,1
SH5,200938,extensive,1
SH5,200938,documents,1
SH5,200938,universal,1
SH5,200938,serious,1
SH5,200938,aim,1
SH5,200938,political,1
SH5,200938,discipline,1
SH5,200938,witnessed,1
SH5,200938,more,1
SH5,200938,century,1
SH5,200938,switzerland,1
SH5,200938,nation,1
SH5,200938,debate,1
SH5,200938,libraries,1
SH5,200938,various,1
SH5,200938,rise,1
SH5,200938,effects,1
SH5,200938,project,1
SH5,200938,modernism,1
SH5,200938,1842,1
SH5,200938,discussed,1
SH5,200938,half,1
SH5,200938,museums,1
SH5,200938,edition,1
SH5,200938,exhibitions,1
SH5,200938,swiss,1
SH5,200938,first,1
SH5,200938,critical,1
SH5,200938,over,1
SH5,200938,historian,1
SH5,200938,democracy,1
SH5,200938,emergence,1
SH5,200938,system,1
SH5,200938,1897,1
SH5,200938,birth,1
SH5,200938,government,1
SH5,200938,universelles,1
SH5,200938,clash,1
SH5,200938,industrial,1
SH5,200938,humanist,1
SH5,200938,education,1
SH5,200938,private,1
SH5,200938,large,1
SH5,200938,archives,1
SH5,200938,body,1
SH5,200938,provides,1
SH5,200938,received,1
SH5,200938,phase,1
SH5,200938,two,1
SH5,200938,development,1
SH5,200938,thousand,1
SH5,200938,new,1
SH5,200938,letters,1
SH5,200938,identity,1
SH5,200938,conserved,1
SH5,200822,public,11
SH5,200822,european,10
SH5,200822,islam,8
SH5,200822,sphere,6
SH5,200822,cultural,5
SH5,200822,europublicislam,4
SH5,200822,new,4
SH5,200822,innovative,3
SH5,200822,making,3
SH5,200822,contemporary,3
SH5,200822,religious,3
SH5,200822,research,3
SH5,200822,aims,2
SH5,200822,transformative,2
SH5,200822,visibility,2
SH5,200822,figures,2
SH5,200822,differences,2
SH5,200822,place,2
SH5,200822,study,2
SH5,200822,symbols,2
SH5,200822,agenda,2
SH5,200822,thus,2
SH5,200822,proposes,2
SH5,200822,spheres,2
SH5,200822,dynamics,2
SH5,200822,together,2
SH5,200822,europe,2
SH5,200822,engages,1
SH5,200822,productions,1
SH5,200822,security,1
SH5,200822,last,1
SH5,200822,bring,1
SH5,200822,integration,1
SH5,200822,assemblages,1
SH5,200822,decades,1
SH5,200822,constellations,1
SH5,200822,women,1
SH5,200822,proposed,1
SH5,200822,interaction,1
SH5,200822,methodology,1
SH5,200822,publics,1
SH5,200822,secular,1
SH5,200822,conceptualize,1
SH5,200822,develop,1
SH5,200822,discord,1
SH5,200822,analysis,1
SH5,200822,gender,1
SH5,200822,equality,1
SH5,200822,sets,1
SH5,200822,sporadic,1
SH5,200822,scholarly,1
SH5,200822,gained,1
SH5,200822,migration,1
SH5,200822,debates,1
SH5,200822,construction,1
SH5,200822,knowledge,1
SH5,200822,entry,1
SH5,200822,bringing,1
SH5,200822,violent,1
SH5,200822,theorization,1
SH5,200822,men,1
SH5,200822,away,1
SH5,200822,carry,1
SH5,200822,pious,1
SH5,200822,appear,1
SH5,200822,freedom,1
SH5,200822,civilisational,1
SH5,200822,towards,1
SH5,200822,different,1
SH5,200822,theory,1
SH5,200822,forces,1
SH5,200822,affecting,1
SH5,200822,paradigms,1
SH5,200822,politics,1
SH5,200822,mutual,1
SH5,200822,through,1
SH5,200822,change,1
SH5,200822,understanding,1
SH5,200822,field,1
SH5,200822,life,1
SH5,200822,provoke,1
SH5,200822,three,1
SH5,200822,marked,1
SH5,200822,times,1
SH5,200822,out,1
SH5,200822,ways,1
SH5,200822,intellectual,1
SH5,200822,artistic,1
SH5,200822,intervenes,1
SH5,200822,proximity,1
SH5,200822,meeting,1
SH5,200822,confrontation,1
SH5,200822,expression,1
SH5,200822,national,1
SH5,200822,series,1
SH5,200822,following,1
SH5,200822,itself,1
SH5,200822,transnational,1
SH5,200822,everyday,1
SH5,200822,well,1
SH5,200822,contribute,1
SH5,200822,claims,1
SH5,200822,production,1
SH5,200822,shifting,1
SH5,200822,imaging,1
SH5,200822,combining,1
SH5,200822,aesthetic,1
SH5,200822,transforming,1
SH5,200822,mixes,1
SH5,200822,theorizations,1
SH5,200822,political,1
SH5,200822,fields,1
SH5,200822,pluralism,1
SH5,200822,during,1
SH5,200822,taking,1
SH5,200822,islamic,1
SH5,200829,narratives,8
SH5,200829,future,7
SH5,200829,project,5
SH5,200829,narrative,4
SH5,200829,multiple,4
SH5,200829,new,3
SH5,200829,field,3
SH5,200829,narratology,3
SH5,200829,theory,3
SH5,200829,humanities,3
SH5,200829,research,2
SH5,200829,impact,2
SH5,200829,scenarios,2
SH5,200829,decision,2
SH5,200829,totally,2
SH5,200829,events,2
SH5,200829,fictional,2
SH5,200829,devices,1
SH5,200829,becomes,1
SH5,200829,such,1
SH5,200829,feedback,1
SH5,200829,path,1
SH5,200829,rooted,1
SH5,200829,equally,1
SH5,200829,games,1
SH5,200829,likewise,1
SH5,200829,identifies,1
SH5,200829,rely,1
SH5,200829,business,1
SH5,200829,communicated,1
SH5,200829,environmental,1
SH5,200829,models,1
SH5,200829,political,1
SH5,200829,social,1
SH5,200829,logic,1
SH5,200829,feasible,1
SH5,200829,related,1
SH5,200829,futurology,1
SH5,200829,linguistics,1
SH5,200829,trailblazing,1
SH5,200829,already,1
SH5,200829,complex,1
SH5,200829,offer,1
SH5,200829,actuality,1
SH5,200829,sense,1
SH5,200829,happened,1
SH5,200829,treat,1
SH5,200829,utopian,1
SH5,200829,concerned,1
SH5,200829,traditionally,1
SH5,200829,within,1
SH5,200829,past,1
SH5,200829,techniques,1
SH5,200829,here,1
SH5,200829,history,1
SH5,200829,conceptualize,1
SH5,200829,characteristic,1
SH5,200829,open,1
SH5,200829,even,1
SH5,200829,making,1
SH5,200829,division,1
SH5,200829,now,1
SH5,200829,feature,1
SH5,200829,viz,1
SH5,200829,crystallized,1
SH5,200829,grammar,1
SH5,200829,interesting,1
SH5,200829,firmly,1
SH5,200829,game,1
SH5,200829,claim,1
SH5,200829,promises,1
SH5,200829,tales,1
SH5,200829,texts,1
SH5,200829,poetics,1
SH5,200829,futures,1
SH5,200829,analyze,1
SH5,200829,preserve,1
SH5,200829,mediation,1
SH5,200829,unique,1
SH5,200829,interfaces,1
SH5,200829,findings,1
SH5,200829,corpus,1
SH5,200829,retain,1
SH5,200829,forked,1
SH5,200829,non,1
SH5,200829,question,1
SH5,200829,restricted,1
SH5,200829,medium,1
SH5,200829,language,1
SH5,200829,refers,1
SH5,200829,print,1
SH5,200829,contrast,1
SH5,200829,movies,1
SH5,200829,time,1
SH5,200829,computer,1
SH5,200829,openness,1
SH5,200829,one,1
SH5,200829,etc,1
SH5,200829,focus,1
SH5,200829,cross,1
SH5,200829,sciences,1
SH5,200829,means,1
SH5,200829,philosophy,1
SH5,200829,board,1
SH5,200829,necessarily,1
SH5,200829,systematically,1
SH5,200829,interdisciplinary,1
SH5,200829,investigate,1
SH5,200829,incontestably,1
SH5,200829,phenomena,1
SH5,200829,narratological,1
SH5,200829,constituted,1
SH5,200829,provides,1
SH5,200829,identification,1
SH5,200829,central,1
SH5,200829,proposal,1
SH5,200829,paradigm,1
SH5,200829,opens,1
SH5,200829,enquiry,1
SH5,200829,area,1
SH5,200829,sum,1
SH5,200836,islam,1
SH5,200836,medieval,1
SH5,200836,theological,1
SH5,200836,rediscovering,1
SH5,200836,rationalism,1
SH5,200836,world,1
SH5,200842,concrete,7
SH5,200842,processing,6
SH5,200842,reinforced,5
SH5,200842,formworks,4
SH5,200842,surfaces,4
SH5,200842,research,3
SH5,200842,surface,3
SH5,200842,gap,2
SH5,200842,outline,2
SH5,200842,fundamental,2
SH5,200842,essay,2
SH5,200842,documentation,2
SH5,200842,subject,2
SH5,200842,nineteenth,2
SH5,200842,various,2
SH5,200842,formwork,2
SH5,200842,century,2
SH5,200842,building,2
SH5,200842,between,2
SH5,200842,production,2
SH5,200842,historical,2
SH5,200842,evolution,2
SH5,200842,comprehensive,2
SH5,200842,effects,1
SH5,200842,examples,1
SH5,200842,recent,1
SH5,200842,useful,1
SH5,200842,book,1
SH5,200842,provide,1
SH5,200842,vast,1
SH5,200842,extraordinarily,1
SH5,200842,tried,1
SH5,200842,connections,1
SH5,200842,results,1
SH5,200842,terms,1
SH5,200842,remain,1
SH5,200842,specialized,1
SH5,200842,still,1
SH5,200842,none,1
SH5,200842,sight,1
SH5,200842,history,1
SH5,200842,issues,1
SH5,200842,make,1
SH5,200842,artistical,1
SH5,200842,world,1
SH5,200842,technicial,1
SH5,200842,therefore,1
SH5,200842,modern,1
SH5,200842,relation,1
SH5,200842,form,1
SH5,200842,lacks,1
SH5,200842,drawing,1
SH5,200842,considered,1
SH5,200842,purpose,1
SH5,200842,intends,1
SH5,200842,fill,1
SH5,200842,evaluate,1
SH5,200842,iconographic,1
SH5,200842,rich,1
SH5,200842,ways,1
SH5,200842,scientific,1
SH5,200842,studies,1
SH5,200842,hence,1
SH5,200842,first,1
SH5,200842,architecture,1
SH5,200842,everywhere,1
SH5,200842,historiography,1
SH5,200842,significant,1
SH5,200842,1870,1
SH5,200842,order,1
SH5,200842,types,1
SH5,200842,TRUE,1
SH5,200842,rustic,1
SH5,200842,collected,1
SH5,200842,polished,1
SH5,200842,2008,1
SH5,200842,span,1
SH5,200842,manufacturing,1
SH5,200842,time,1
SH5,200842,assessment,1
SH5,200842,within,1
SH5,200842,one,1
SH5,200842,architectural,1
SH5,200842,removal,1
SH5,200842,generating,1
SH5,200842,whether,1
SH5,200842,reconstructed,1
SH5,200842,well,1
SH5,200842,caracteristics,1
SH5,200842,instrument,1
SH5,200842,special,1
SH5,200842,works,1
SH5,200842,context,1
SH5,200842,project,1
SH5,200842,operationnal,1
SH5,200842,drawings,1
SH5,200842,litterature,1
SH5,200842,photographs,1
SH5,200842,material,1
SH5,200842,sites,1
SH5,200842,international,1
SH5,200842,tools,1
SH5,200842,cement,1
SH5,200842,etc,1
SH5,200842,element,1
SH5,200842,structured,1
SH5,200842,consisting,1
SH5,200842,synthesis,1
SH5,200842,important,1
SH5,200842,technical,1
SH5,200842,written,1
SH5,200842,manual,1
SH5,200842,part,1
SH5,200842,critical,1
SH5,200842,extremely,1
SH5,200847,various,3
SH5,200847,language,3
SH5,200847,studies,3
SH5,200847,multilingual,3
SH5,200847,contact,3
SH5,200847,historical,2
SH5,200847,aggregation,2
SH5,200847,applying,2
SH5,200847,model,2
SH5,200847,linguistics,2
SH5,200847,projects,2
SH5,200847,groups,2
SH5,200847,scenaio,1
SH5,200847,data,1
SH5,200847,questionnaire,1
SH5,200847,made,1
SH5,200847,aims,1
SH5,200847,marking,1
SH5,200847,same,1
SH5,200847,realization,1
SH5,200847,results,1
SH5,200847,argument,1
SH5,200847,tma,1
SH5,200847,linguistic,1
SH5,200847,employed,1
SH5,200847,structural,1
SH5,200847,new,1
SH5,200847,two,1
SH5,200847,level,1
SH5,200847,concrete,1
SH5,200847,criteria,1
SH5,200847,scenario,1
SH5,200847,south,1
SH5,200847,setting,1
SH5,200847,establish,1
SH5,200847,complex,1
SH5,200847,settings,1
SH5,200847,languages,1
SH5,200847,fringe,1
SH5,200847,america,1
SH5,200847,used,1
SH5,200847,amazonian,1
SH5,200847,differ,1
SH5,200847,republic,1
SH5,200847,number,1
SH5,200847,suriname,1
SH5,200847,depth,1
SH5,200847,interaction,1
SH5,200847,strengthen,1
SH5,200847,field,1
SH5,200847,netherlands,1
SH5,200847,individuals,1
SH5,200847,methods,1
SH5,200847,evidentiality,1
SH5,200847,studied,1
SH5,200847,use,1
SH5,200847,shared,1
SH5,200847,comparable,1
SH5,200847,gathered,1
SH5,200847,levels,1
SH5,200847,dime,1
SH5,200847,more,1
SH5,200847,project,1
SH5,200847,principled,1
SH5,200847,phylogenetics,1
SH5,200847,link,1
SH5,200847,variables,1
SH5,200847,between,1
SH5,200847,immigrant,1
SH5,200847,established,1
SH5,200847,widely,1
SH5,201119,mediterranean,4
SH5,201119,solutions,3
SH5,201119,new,3
SH5,201119,building,3
SH5,201119,ideas,2
SH5,201119,construction,2
SH5,201119,seismic,2
SH5,201119,study,2
SH5,201119,project,2
SH5,201119,multiple,2
SH5,201119,africa,2
SH5,201119,era,2
SH5,201119,north,2
SH5,201119,history,2
SH5,201119,sicily,2
SH5,201119,island,2
SH5,201119,experimentation,2
SH5,201119,stone,2
SH5,201119,management,1
SH5,201119,strategy,1
SH5,201119,laying,1
SH5,201119,investigated,1
SH5,201119,scholars,1
SH5,201119,impact,1
SH5,201119,scientific,1
SH5,201119,expected,1
SH5,201119,here,1
SH5,201119,image,1
SH5,201119,less,1
SH5,201119,order,1
SH5,201119,verification,1
SH5,201119,challenging,1
SH5,201119,routes,1
SH5,201119,chart,1
SH5,201119,formal,1
SH5,201119,geometric,1
SH5,201119,particular,1
SH5,201119,investigate,1
SH5,201119,over,1
SH5,201119,during,1
SH5,201119,investigation,1
SH5,201119,spain,1
SH5,201119,historical,1
SH5,201119,eastern,1
SH5,201119,tools,1
SH5,201119,italy,1
SH5,201119,intertwined,1
SH5,201119,southern,1
SH5,201119,techniques,1
SH5,201119,islands,1
SH5,201119,knowledge,1
SH5,201119,big,1
SH5,201119,material,1
SH5,201119,attention,1
SH5,201119,basin,1
SH5,201119,ages,1
SH5,201119,between,1
SH5,201119,criteria,1
SH5,201119,aims,1
SH5,201119,initiated,1
SH5,201119,involving,1
SH5,201119,clearly,1
SH5,201119,initially,1
SH5,201119,interchange,1
SH5,201119,technology,1
SH5,201119,lighter,1
SH5,201119,byzantine,1
SH5,201119,well,1
SH5,201119,anti,1
SH5,201119,world,1
SH5,201119,field,1
SH5,201119,renaissance,1
SH5,201119,experiments,1
SH5,201119,vaults,1
SH5,201119,series,1
SH5,201119,importation,1
SH5,201119,effective,1
SH5,201119,occurred,1
SH5,201119,ways,1
SH5,201119,advanced,1
SH5,201119,fascinating,1
SH5,201119,struck,1
SH5,201119,innovation,1
SH5,201119,structures,1
SH5,201119,use,1
SH5,201119,east,1
SH5,201119,served,1
SH5,201119,innovative,1
SH5,201119,domes,1
SH5,201119,experiences,1
SH5,201119,near,1
SH5,201119,surveys,1
SH5,201119,evolved,1
SH5,201119,long,1
SH5,201119,tradition,1
SH5,201119,cross,1
SH5,201119,collector,1
SH5,201119,known,1
SH5,201119,complex,1
SH5,201119,centuries,1
SH5,201119,influential,1
SH5,201119,cutting,1
SH5,201119,wider,1
SH5,201119,dissemination,1
SH5,201119,intellectual,1
SH5,201119,centre,1
SH5,201119,largest,1
SH5,201119,through,1
SH5,201119,evident,1
SH5,201119,stereotomy,1
SH5,201119,strategically,1
SH5,201119,unequalled,1
SH5,201119,sources,1
SH5,201119,rich,1
SH5,201119,located,1
SH5,201119,stimulated,1
SH5,201119,middle,1
SH5,201119,measurements,1
SH5,201119,constructive,1
SH5,201119,models,1
SH5,201119,origins,1
SH5,201119,development,1
SH5,201119,aspect,1
SH5,201119,flow,1
SH5,201119,show,1
SH5,201119,simplistic,1
SH5,201119,civilizations,1
SH5,201119,faced,1
SH5,201119,relevant,1
SH5,201119,social,1
SH5,201119,modifying,1
SH5,201119,attitude,1
SH5,201119,topics,1
SH5,201119,foundations,1
SH5,201119,conservation,1
SH5,201119,cultural,1
SH5,201119,technologies,1
SH5,201119,heritage,1
SH5,201119,earthquakes,1
SH5,201119,thought,1
SH5,201119,stair,1
SH5,201119,whole,1
SH5,201119,variety,1
SH5,201119,stimulating,1
SH5,201119,related,1
SH5,201119,rising,1
SH5,201119,applied,1
SH5,201119,interests,1
SH5,201119,modern,1
SH5,201119,fruition,1
SH5,201119,research,1
SH5,201119,circuits,1
SH5,201119,concerns,1
SH5,201126,furioso,4
SH5,201126,literary,4
SH5,201126,editions,3
SH5,201126,format,2
SH5,201126,such,2
SH5,201126,bringing,2
SH5,201126,ways,2
SH5,201126,figurative,2
SH5,201126,archive,2
SH5,201126,trans,2
SH5,201126,point,2
SH5,201126,disciplinary,2
SH5,201126,16th,2
SH5,201126,images,2
SH5,201126,visual,2
SH5,201126,digital,2
SH5,201126,history,2
SH5,201126,project,2
SH5,201126,classics,2
SH5,201126,illustrated,2
SH5,201126,culture,2
SH5,201126,new,2
SH5,201126,century,2
SH5,201126,view,2
SH5,201126,editorial,2
SH5,201126,text,2
SH5,201126,furioso's,1
SH5,201126,meant,1
SH5,201126,options,1
SH5,201126,cross,1
SH5,201126,researchable,1
SH5,201126,collected,1
SH5,201126,poems,1
SH5,201126,read,1
SH5,201126,romance,1
SH5,201126,successful,1
SH5,201126,orlando,1
SH5,201126,writing,1
SH5,201126,huge,1
SH5,201126,innovative,1
SH5,201126,translations,1
SH5,201126,compare,1
SH5,201126,together,1
SH5,201126,possible,1
SH5,201126,poem,1
SH5,201126,analysed,1
SH5,201126,imitators,1
SH5,201126,present,1
SH5,201126,followers,1
SH5,201126,corpora,1
SH5,201126,model,1
SH5,201126,public,1
SH5,201126,represents,1
SH5,201126,presentation,1
SH5,201126,turned,1
SH5,201126,synoptic,1
SH5,201126,status,1
SH5,201126,thanks,1
SH5,201126,aims,1
SH5,201126,verse,1
SH5,201126,crucial,1
SH5,201126,those,1
SH5,201126,attempt,1
SH5,201126,important,1
SH5,201126,very,1
SH5,201126,cultural,1
SH5,201126,functions,1
SH5,201126,ambitious,1
SH5,201126,technologies,1
SH5,201126,chapter,1
SH5,201126,galaxy,1
SH5,201126,collect,1
SH5,201126,understand,1
SH5,201126,field,1
SH5,201126,context,1
SH5,201126,goal,1
SH5,201126,interpreting,1
SH5,201126,main,1
SH5,201126,aimed,1
SH5,201126,experience,1
SH5,201126,traditions,1
SH5,201126,literature,1
SH5,201126,influenced,1
SH5,201126,interpret,1
SH5,201126,volgare,1
SH5,201126,broad,1
SH5,201126,long,1
SH5,201126,various,1
SH5,201126,rewritings,1
SH5,201126,renaissance,1
SH5,201126,canonized,1
SH5,201126,both,1
SH5,201126,contribution,1
SH5,201126,word,1
SH5,201126,within,1
SH5,201126,theoretical,1
SH5,201126,building,1
SH5,201126,fortunate,1
SH5,201126,italian,1
SH5,201126,intersection,1
SH5,201126,humanistic,1
SH5,201126,forms,1
SH5,201126,established,1
SH5,201126,contribute,1
SH5,201126,iconographic,1
SH5,201126,guide,1
SH5,201126,predecessors,1
SH5,201126,reading,1
SH5,201126,intend,1
SH5,201126,exemplary,1
SH5,201126,image,1
SH5,201126,narrative,1
SH5,201126,appears,1
SH5,201126,illustrators,1
SH5,201126,european,1
SH5,201126,documents,1
SH5,201126,made,1
SH5,201126,complex,1
SH5,201126,research,1
SH5,201126,available,1
SH5,201126,explore,1
SH5,201126,canonizing,1
SH5,201126,practical,1
SH5,201126,function,1
SH5,201126,vast,1
SH5,201126,printing,1
SH5,201126,ariosto's,1
SH5,201126,outlook,1
SH5,201126,framework,1
SH5,201126,help,1
SH5,201126,core,1
SH5,201126,redefine,1
SH5,201126,information,1
SH5,201126,oriented,1
SH5,201126,episode,1
SH5,201126,approach,1
SH5,201126,out,1
SH5,201126,better,1
SH5,201126,discussion,1
SH5,201126,understanding,1
SH5,201126,concerning,1
SH5,201126,through,1
SH5,201126,relation,1
SH5,201126,canonization,1
SH5,201126,run,1
SH5,201126,occurs,1
SH5,201126,between,1
SH5,201129,early,3
SH5,201129,personal,3
SH5,201129,study,3
SH5,201129,linguistic,2
SH5,201129,edition,2
SH5,201129,project,2
SH5,201129,collection,2
SH5,201129,documents,2
SH5,201129,modern,2
SH5,201129,large,1
SH5,201129,discourse,1
SH5,201129,samples,1
SH5,201129,more,1
SH5,201129,difficult,1
SH5,201129,until,1
SH5,201129,incidents,1
SH5,201129,confessed,1
SH5,201129,orthodox,1
SH5,201129,stated,1
SH5,201129,common,1
SH5,201129,emotions,1
SH5,201129,rhetoric,1
SH5,201129,frequently,1
SH5,201129,contain,1
SH5,201129,sources,1
SH5,201129,modes,1
SH5,201129,communities,1
SH5,201129,contextualized,1
SH5,201129,researchers,1
SH5,201129,judges,1
SH5,201129,out,1
SH5,201129,interviews,1
SH5,201129,accompanied,1
SH5,201129,instrumental,1
SH5,201129,seize,1
SH5,201129,institutions,1
SH5,201129,courts,1
SH5,201129,inquisition,1
SH5,201129,prosecuting,1
SH5,201129,paths,1
SH5,201129,agents,1
SH5,201129,types,1
SH5,201129,fighters,1
SH5,201129,priests,1
SH5,201129,soldiers,1
SH5,201129,lovers,1
SH5,201129,children,1
SH5,201129,made,1
SH5,201129,epistolary,1
SH5,201129,question,1
SH5,201129,proposes,1
SH5,201129,19th,1
SH5,201129,letters,1
SH5,201129,17th,1
SH5,201129,build,1
SH5,201129,campaign,1
SH5,201129,textual,1
SH5,201129,following,1
SH5,201129,century,1
SH5,201129,historical,1
SH5,201129,systematic,1
SH5,201129,ages,1
SH5,201129,portugal,1
SH5,201129,spain,1
SH5,201129,written,1
SH5,201129,original,1
SH5,201129,writings,1
SH5,201129,servants,1
SH5,201129,wives,1
SH5,201129,thieves,1
SH5,201129,artisans,1
SH5,201129,political,1
SH5,201129,many,1
SH5,201129,social,1
SH5,201129,whose,1
SH5,201129,crossed,1
SH5,201129,ways,1
SH5,201129,civil,1
SH5,201129,two,1
SH5,201129,used,1
SH5,201129,correspondence,1
SH5,201129,proof,1
SH5,201129,sociological,1
SH5,201129,carried,1
SH5,201129,inquisitors,1
SH5,201129,allow,1
SH5,201129,well,1
SH5,201129,traditional,1
SH5,201129,inter,1
SH5,201129,relation,1
SH5,201129,texts,1
SH5,201129,very,1
SH5,201129,oral,1
SH5,201129,through,1
SH5,201129,expressed,1
SH5,201129,sense,1
SH5,201129,non,1
SH5,201129,beliefs,1
SH5,201129,trivial,1
SH5,201129,narrated,1
SH5,201129,now,1
SH5,201129,discover,1
SH5,201129,thin,1
SH5,201129,popular,1
SH5,201129,assemble,1
SH5,201129,match,1
SH5,201129,criticism,1
SH5,201129,philological,1
SH5,201129,standards,1
SH5,201129,treatment,1
SH5,201129,cultural,1
SH5,201129,online,1
SH5,201129,contents,1
SH5,201129,digital,1
SH5,201138,theatre,11
SH5,201138,applied,5
SH5,201138,aesthetic,4
SH5,201138,political,4
SH5,201138,cultural,3
SH5,201138,social,3
SH5,201138,studies,3
SH5,201138,aims,3
SH5,201138,practice,2
SH5,201138,many,2
SH5,201138,forms,2
SH5,201138,performances,2
SH5,201138,relevance,2
SH5,201138,health,2
SH5,201138,different,2
SH5,201138,processes,2
SH5,201138,intense,2
SH5,201138,project,2
SH5,201138,claim,2
SH5,201138,ethical,2
SH5,201138,possible,1
SH5,201138,comparison,1
SH5,201138,america,1
SH5,201138,east,1
SH5,201138,europe,1
SH5,201138,case,1
SH5,201138,carefully,1
SH5,201138,investigations,1
SH5,201138,aspects,1
SH5,201138,restore,1
SH5,201138,comes,1
SH5,201138,despite,1
SH5,201138,promises,1
SH5,201138,aesthetics,1
SH5,201138,self,1
SH5,201138,linked,1
SH5,201138,integrity,1
SH5,201138,experiences,1
SH5,201138,groups,1
SH5,201138,issues,1
SH5,201138,target,1
SH5,201138,over,1
SH5,201138,patients,1
SH5,201138,notwithstanding,1
SH5,201138,youngsters,1
SH5,201138,ignored,1
SH5,201138,rehearsal,1
SH5,201138,motion,1
SH5,201138,media,1
SH5,201138,study,1
SH5,201138,light,1
SH5,201138,furthermore,1
SH5,201138,experiencing,1
SH5,201138,background,1
SH5,201138,trend,1
SH5,201138,reinforce,1
SH5,201138,cross,1
SH5,201138,theatres,1
SH5,201138,analyse,1
SH5,201138,politics,1
SH5,201138,business,1
SH5,201138,even,1
SH5,201138,largely,1
SH5,201138,upholding,1
SH5,201138,work,1
SH5,201138,significance,1
SH5,201138,set,1
SH5,201138,widely,1
SH5,201138,electronic,1
SH5,201138,bring,1
SH5,201138,originates,1
SH5,201138,decades,1
SH5,201138,constructive,1
SH5,201138,renewed,1
SH5,201138,television,1
SH5,201138,systematically,1
SH5,201138,current,1
SH5,201138,development,1
SH5,201138,far,1
SH5,201138,fit,1
SH5,201138,clear,1
SH5,201138,risks,1
SH5,201138,children,1
SH5,201138,field,1
SH5,201138,commercial,1
SH5,201138,reassert,1
SH5,201138,types,1
SH5,201138,entire,1
SH5,201138,care,1
SH5,201138,parts,1
SH5,201138,past,1
SH5,201138,aid,1
SH5,201138,two,1
SH5,201138,education,1
SH5,201138,world,1
SH5,201138,economic,1
SH5,201138,boom,1
SH5,201138,approach,1
SH5,201138,precise,1
SH5,201138,constitute,1
SH5,201138,explore,1
SH5,201138,hitherto,1
SH5,201138,traditional,1
SH5,201138,barely,1
SH5,201138,new,1
SH5,201138,researched,1
SH5,201138,theories,1
SH5,201138,against,1
SH5,201138,diverse,1
SH5,201138,insights,1
SH5,201138,readily,1
SH5,201138,show,1
SH5,201138,interact,1
SH5,201138,focus,1
SH5,201138,selected,1
SH5,201138,africa,1
SH5,201138,middle,1
SH5,201138,latin,1
SH5,201138,whose,1
SH5,201138,make,1
SH5,201138,first,1
SH5,201138,experimental,1
SH5,201138,time,1
SH5,201138,fields,1
SH5,201138,capture,1
SH5,201138,confidence,1
SH5,201138,worldwide,1
SH5,201138,through,1
SH5,201138,landscape,1
SH5,201138,theatrical,1
SH5,201138,full,1
SH5,201138,unprecedented,1
SH5,201138,diversity,1
SH5,201138,competition,1
SH5,201138,overarching,1
SH5,201138,outstanding,1
SH5,201138,structures,1
SH5,201138,foundation,1
SH5,201138,interrelations,1
SH5,201138,effects,1
SH5,201139,history,4
SH5,201139,century,3
SH5,201139,classics,2
SH5,201139,nineteenth,2
SH5,201139,bring,2
SH5,201139,bible,2
SH5,201139,study,2
SH5,201139,project,2
SH5,201139,intellectual,2
SH5,201139,deeply,2
SH5,201139,areas,2
SH5,201139,both,2
SH5,201139,world,2
SH5,201139,marginalized,1
SH5,201139,separated,1
SH5,201139,without,1
SH5,201139,contention,1
SH5,201139,including,1
SH5,201139,range,1
SH5,201139,scholars,1
SH5,201139,together,1
SH5,201139,source,1
SH5,201139,antiquity,1
SH5,201139,authority,1
SH5,201139,formation,1
SH5,201139,modern,1
SH5,201139,concerns,1
SH5,201139,force,1
SH5,201139,society,1
SH5,201139,understand,1
SH5,201139,another,1
SH5,201139,competition,1
SH5,201139,social,1
SH5,201139,topics,1
SH5,201139,interface,1
SH5,201139,between,1
SH5,201139,misunderstood,1
SH5,201139,fundamental,1
SH5,201139,disciplinary,1
SH5,201139,discrete,1
SH5,201139,more,1
SH5,201139,victorian,1
SH5,201139,past,1
SH5,201139,two,1
SH5,201139,importantly,1
SH5,201139,attenuated,1
SH5,201139,appreciating,1
SH5,201139,comprehension,1
SH5,201139,institutional,1
SH5,201139,foundational,1
SH5,201139,relation,1
SH5,201139,era,1
SH5,201139,impossible,1
SH5,201139,investigate,1
SH5,201139,19th,1
SH5,201139,working,1
SH5,201139,fields,1
SH5,201139,one,1
SH5,201139,knowledge,1
SH5,201139,central,1
SH5,201139,academy,1
SH5,201139,subject,1
SH5,201139,underexplored,1
SH5,201139,education,1
SH5,201139,aspect,1
SH5,201139,cultural,1
SH5,201139,continues,1
SH5,201139,art,1
SH5,201139,significant,1
SH5,201139,literary,1
SH5,201139,impact,1
SH5,201139,back,1
SH5,201139,contemporary,1
SH5,201139,view,1
SH5,201146,engineering,8
SH5,201146,research,5
SH5,201146,architecture,5
SH5,201146,italian,4
SH5,201146,international,4
SH5,201146,project,4
SH5,201146,history,4
SH5,201146,aims,3
SH5,201146,works,3
SH5,201146,contribution,3
SH5,201146,major,3
SH5,201146,area,2
SH5,201146,role,2
SH5,201146,italy,2
SH5,201146,structural,2
SH5,201146,fundamental,2
SH5,201146,century,2
SH5,201146,twentieth,2
SH5,201146,knowledge,2
SH5,201146,largely,2
SH5,201146,overlooked,2
SH5,201146,panorama,2
SH5,201146,date,2
SH5,201146,network,1
SH5,201146,sector,1
SH5,201146,young,1
SH5,201146,construction,1
SH5,201146,improve,1
SH5,201146,various,1
SH5,201146,protagonists,1
SH5,201146,france,1
SH5,201146,contributions,1
SH5,201146,general,1
SH5,201146,others,1
SH5,201146,completely,1
SH5,201146,departments,1
SH5,201146,giulio,1
SH5,201146,developments,1
SH5,201146,musmeci,1
SH5,201146,figures,1
SH5,201146,confines,1
SH5,201146,national,1
SH5,201146,focuses,1
SH5,201146,silvano,1
SH5,201146,morandi,1
SH5,201146,goal,1
SH5,201146,substantially,1
SH5,201146,beyond,1
SH5,201146,pier,1
SH5,201146,riccardo,1
SH5,201146,relationship,1
SH5,201146,krall,1
SH5,201146,england,1
SH5,201146,gino,1
SH5,201146,fill,1
SH5,201146,covre,1
SH5,201146,missing,1
SH5,201146,particularly,1
SH5,201146,success,1
SH5,201146,focused,1
SH5,201146,countries,1
SH5,201146,modern,1
SH5,201146,such,1
SH5,201146,sergio,1
SH5,201146,issue,1
SH5,201146,zorzi,1
SH5,201146,focusing,1
SH5,201146,out,1
SH5,201146,individual,1
SH5,201146,bring,1
SH5,201146,engineers,1
SH5,201146,nervi,1
SH5,201146,introduce,1
SH5,201146,give,1
SH5,201146,strengthen,1
SH5,201146,focus,1
SH5,201146,proposal,1
SH5,201146,now,1
SH5,201146,switzerland,1
SH5,201146,university,1
SH5,201146,subject,1
SH5,201146,civil,1
SH5,201146,significant,1
SH5,201146,played,1
SH5,201146,between,1
SH5,201146,luigi,1
SH5,201146,ignored,1
SH5,201146,objectives,1
SH5,201146,concerning,1
SH5,201146,train,1
SH5,201146,researchers,1
SH5,201146,organize,1
SH5,201146,available,1
SH5,201146,during,1
SH5,201146,experts,1
SH5,201146,economic,1
SH5,201146,administrations,1
SH5,201146,boom,1
SH5,201146,promote,1
SH5,201146,passionately,1
SH5,201146,exploitation,1
SH5,201146,delves,1
SH5,201146,protection,1
SH5,201146,eugenio,1
SH5,201146,authorities,1
SH5,201146,battisti,1
SH5,201146,ambitious,1
SH5,201146,defined,1
SH5,201146,identify,1
SH5,201146,new,1
SH5,201146,european,1
SH5,201146,frontier,1
SH5,201146,contextualize,1
SH5,201146,historiography,1
SH5,201146,outstanding,1
SH5,201220,medicine,10
SH5,201220,babylonian,8
SH5,201220,medical,5
SH5,201220,cuneiform,5
SH5,201220,aramaic,4
SH5,201220,babmed,4
SH5,201220,talmud,4
SH5,201220,ancient,4
SH5,201220,script,2
SH5,201220,survived,2
SH5,201220,preserved,2
SH5,201220,histories,2
SH5,201220,persian,1
SH5,201220,roman,1
SH5,201220,borders,1
SH5,201220,text,1
SH5,201220,local,1
SH5,201220,death,1
SH5,201220,language,1
SH5,201220,recognise,1
SH5,201220,introduce,1
SH5,201220,systems,1
SH5,201220,comparisons,1
SH5,201220,entire,1
SH5,201220,diagnoses,1
SH5,201220,flawed,1
SH5,201220,classifications,1
SH5,201220,biomedical,1
SH5,201220,taxonomies,1
SH5,201220,upon,1
SH5,201220,methodology,1
SH5,201220,akkadian,1
SH5,201220,mostly,1
SH5,201220,previously,1
SH5,201220,much,1
SH5,201220,literature,1
SH5,201220,risk,1
SH5,201220,data,1
SH5,201220,comprising,1
SH5,201220,key,1
SH5,201220,number,1
SH5,201220,including,1
SH5,201220,study,1
SH5,201220,propositions,1
SH5,201220,high,1
SH5,201220,tests,1
SH5,201220,simply,1
SH5,201220,materials,1
SH5,201220,studied,1
SH5,201220,represents,1
SH5,201220,latest,1
SH5,201220,phase,1
SH5,201220,barriers,1
SH5,201220,arts,1
SH5,201220,knowledge,1
SH5,201220,systematically,1
SH5,201220,collection,1
SH5,201220,one,1
SH5,201220,become,1
SH5,201220,forced,1
SH5,201220,science,1
SH5,201220,hippocrates,1
SH5,201220,first,1
SH5,201220,never,1
SH5,201220,accessible,1
SH5,201220,before,1
SH5,201220,light,1
SH5,201220,bypass,1
SH5,201220,two,1
SH5,201220,hypotheses,1
SH5,201220,absence,1
SH5,201220,ignored,1
SH5,201220,largest,1
SH5,201220,recent,1
SH5,201220,longer,1
SH5,201220,suspected,1
SH5,201220,derives,1
SH5,201220,babmed's,1
SH5,201220,relies,1
SH5,201220,native,1
SH5,201220,modern,1
SH5,201220,disease,1
SH5,201220,countering,1
SH5,201220,retrospective,1
SH5,201220,obviate,1
SH5,201220,history,1
SH5,201220,neighbouring,1
SH5,201220,challenge,1
SH5,201220,eurocentricity,1
SH5,201220,greek,1
SH5,201220,standard,1
SH5,201220,new,1
SH5,201220,overcome,1
SH5,201220,paradigm,1
SH5,201220,antiquity,1
SH5,201220,current,1
SH5,201220,transfer,1
SH5,201220,between,1
SH5,201220,proposes,1
SH5,201220,part,1
SH5,201220,unique,1
SH5,201220,straddles,1
SH5,201220,greco,1
SH5,201220,palestine,1
SH5,201220,babylonia,1
SH5,201220,such,1
SH5,201220,mirrors,1
SH5,201220,barrier,1
SH5,201220,scientific,1
SH5,201220,older,1
SH5,201220,thinking,1
SH5,201220,comprehensive,1
SH5,201220,both,1
SH5,201220,decipherment,1
SH5,201220,worlds,1
SH5,201220,prevalent,1
SH5,201223,islamic,6
SH5,201223,african,5
SH5,201223,islam,4
SH5,201223,studies,4
SH5,201223,research,4
SH5,201223,well,4
SH5,201223,africa,4
SH5,201223,both,4
SH5,201223,evaluation,3
SH5,201223,cultural,2
SH5,201223,study,2
SH5,201223,project,2
SH5,201223,linguistic,2
SH5,201223,history,2
SH5,201223,arabic,2
SH5,201223,contribute,2
SH5,201223,texts,2
SH5,201223,horn,2
SH5,201223,north,2
SH5,201223,deeper,2
SH5,201223,comparative,2
SH5,201223,producing,2
SH5,201223,culture,2
SH5,201223,muslim,2
SH5,201223,text,2
SH5,201223,understanding,2
SH5,201223,digital,2
SH5,201223,first,2
SH5,201223,analysis,1
SH5,201223,quantitative,1
SH5,201223,access,1
SH5,201223,bibliography,1
SH5,201223,considered,1
SH5,201223,paid,1
SH5,201223,computer,1
SH5,201223,written,1
SH5,201223,linguistics,1
SH5,201223,art,1
SH5,201223,played,1
SH5,201223,ethiopia,1
SH5,201223,images,1
SH5,201223,identity,1
SH5,201223,include,1
SH5,201223,esp,1
SH5,201223,data,1
SH5,201223,regions,1
SH5,201223,collected,1
SH5,201223,therefore,1
SH5,201223,centrally,1
SH5,201223,cultures,1
SH5,201223,corpus,1
SH5,201223,state,1
SH5,201223,more,1
SH5,201223,role,1
SH5,201223,east,1
SH5,201223,eritrea,1
SH5,201223,environment,1
SH5,201223,mainstream,1
SH5,201223,science,1
SH5,201223,influences,1
SH5,201223,attention,1
SH5,201223,using,1
SH5,201223,local,1
SH5,201223,those,1
SH5,201223,sub,1
SH5,201223,heartland,1
SH5,201223,types,1
SH5,201223,philology,1
SH5,201223,critical,1
SH5,201223,competences,1
SH5,201223,dynamics,1
SH5,201223,picture,1
SH5,201223,west,1
SH5,201223,complete,1
SH5,201223,transmission,1
SH5,201223,areas,1
SH5,201223,witnesses,1
SH5,201223,dealing,1
SH5,201223,considerably,1
SH5,201223,ajami,1
SH5,201223,time,1
SH5,201223,external,1
SH5,201223,textual,1
SH5,201223,change,1
SH5,201223,accompanied,1
SH5,201223,authors,1
SH5,201223,contents,1
SH5,201223,helps,1
SH5,201223,respective,1
SH5,201223,simultaneously,1
SH5,201223,received,1
SH5,201223,somaliland,1
SH5,201223,copyists,1
SH5,201223,extensive,1
SH5,201223,formation,1
SH5,201223,countries,1
SH5,201223,alphabet,1
SH5,201223,relatively,1
SH5,201223,subject,1
SH5,201223,editions,1
SH5,201223,open,1
SH5,201223,database,1
SH5,201223,qualitative,1
SH5,201223,documentary,1
SH5,201223,little,1
SH5,201223,corpora,1
SH5,201223,languages,1
SH5,201223,graphic,1
SH5,201223,assess,1
SH5,201223,features,1
SH5,201223,merged,1
SH5,201223,serve,1
SH5,201223,searchable,1
SH5,201223,tool,1
SH5,201223,descriptive,1
SH5,201223,basis,1
SH5,201223,metadata,1
SH5,201223,future,1
SH5,201223,sources,1
SH5,201223,findings,1
SH5,201223,peripheral,1
SH5,201223,provide,1
SH5,201223,manuscript,1
SH5,201223,thought,1
SH5,201223,saharan,1
SH5,201223,proselytism,1
SH5,201223,djibouti,1
SH5,201223,effects,1
SH5,201223,allowing,1
SH5,201223,society,1
SH5,201223,region,1
SH5,201231,dances,6
SH5,201231,diasporic,4
SH5,201231,african,4
SH5,201231,rhythm,3
SH5,201231,social,3
SH5,201231,dance,3
SH5,201231,afro,3
SH5,201231,cultures,3
SH5,201231,transnational,3
SH5,201231,world,2
SH5,201231,through,2
SH5,201231,conditions,2
SH5,201231,spaces,2
SH5,201231,movement,2
SH5,201231,evolved,2
SH5,201231,musical,2
SH5,201231,modernity,2
SH5,201231,modern,2
SH5,201231,kinetic,2
SH5,201231,postcolonial,2
SH5,201231,africa,2
SH5,201231,project,2
SH5,201231,under,2
SH5,201231,styles,2
SH5,201231,rhythms,2
SH5,201231,sites,2
SH5,201231,moves,2
SH5,201231,pleasure,1
SH5,201231,highlight,1
SH5,201231,reliance,1
SH5,201231,research,1
SH5,201231,colonialism,1
SH5,201231,mambo,1
SH5,201231,manifested,1
SH5,201231,people,1
SH5,201231,used,1
SH5,201231,specific,1
SH5,201231,argue,1
SH5,201231,away,1
SH5,201231,zumba,1
SH5,201231,steps,1
SH5,201231,body,1
SH5,201231,intrinsic,1
SH5,201231,american,1
SH5,201231,asia,1
SH5,201231,new,1
SH5,201231,courtly,1
SH5,201231,over,1
SH5,201231,onwards,1
SH5,201231,retained,1
SH5,201231,craze,1
SH5,201231,back,1
SH5,201231,europe,1
SH5,201231,indeed,1
SH5,201231,swing,1
SH5,201231,encounter,1
SH5,201231,europeans,1
SH5,201231,brought,1
SH5,201231,instruments,1
SH5,201231,salsa,1
SH5,201231,examine,1
SH5,201231,out,1
SH5,201231,structures,1
SH5,201231,developments,1
SH5,201231,zouk,1
SH5,201231,marked,1
SH5,201231,expansionism,1
SH5,201231,histories,1
SH5,201231,colonial,1
SH5,201231,coordinator,1
SH5,201231,americas,1
SH5,201231,correspondence,1
SH5,201231,enjoyment,1
SH5,201231,song,1
SH5,201231,investigates,1
SH5,201231,lyrics,1
SH5,201231,team,1
SH5,201231,memory,1
SH5,201231,european,1
SH5,201231,socio,1
SH5,201231,disconnected,1
SH5,201231,historical,1
SH5,201231,slavery,1
SH5,201231,assimilated,1
SH5,201231,fashion,1
SH5,201231,competing,1
SH5,201231,africans,1
SH5,201231,bollywood,1
SH5,201231,percussive,1
SH5,201231,fitness,1
SH5,201231,diffused,1
SH5,201231,subjects,1
SH5,201231,transnationalised,1
SH5,201231,global,1
SH5,201231,led,1
SH5,201231,proliferation,1
SH5,201231,moving,1
SH5,201231,caribbean,1
SH5,201231,such,1
SH5,201231,themselves,1
SH5,201231,traces,1
SH5,201231,dimension,1
SH5,201231,study,1
SH5,201231,1920s,1
SH5,201231,interdisciplinary,1
SH5,201231,studies,1
SH5,201231,textuality,1
SH5,201231,bodily,1
SH5,201231,spectacularity,1
SH5,201231,category,1
SH5,201231,investigate,1
SH5,201231,transnationalism,1
SH5,201231,afropolitanism,1
SH5,201231,guide,1
SH5,201231,nourishing,1
SH5,201231,analysis,1
SH5,201231,urban,1
SH5,201231,modernity's,1
SH5,201231,ask,1
SH5,201231,intra,1
SH5,201231,connect,1
SH5,201231,community,1
SH5,201231,afropolitans,1
SH5,201231,preservation,1
SH5,201231,worlds,1
SH5,201231,affiliations,1
SH5,201231,speak,1
SH5,201231,revealing,1
SH5,201231,different,1
SH5,201231,place,1
SH5,201231,languages,1
SH5,201231,afropolitan,1
SH5,201231,inherited,1
SH5,201231,history,1
SH5,201231,divergent,1
SH5,201232,music,6
SH5,201232,century,3
SH5,201232,history,3
SH5,201232,wide,2
SH5,201232,project,2
SH5,201232,making,2
SH5,201232,nineteenth,2
SH5,201232,london,2
SH5,201232,kind,2
SH5,201232,first,2
SH5,201232,many,2
SH5,201232,society,1
SH5,201232,affective,1
SH5,201232,understand,1
SH5,201232,scholars,1
SH5,201232,enable,1
SH5,201232,seriously,1
SH5,201232,communities,1
SH5,201232,political,1
SH5,201232,host,1
SH5,201232,fostered,1
SH5,201232,occasional,1
SH5,201232,source,1
SH5,201232,enjoyment,1
SH5,201232,private,1
SH5,201232,amateur,1
SH5,201232,based,1
SH5,201232,excellent,1
SH5,201232,mostly,1
SH5,201232,serve,1
SH5,201232,functioned,1
SH5,201232,reasons,1
SH5,201232,scope,1
SH5,201232,featuring,1
SH5,201232,length,1
SH5,201232,employment,1
SH5,201232,publications,1
SH5,201232,professional,1
SH5,201232,aims,1
SH5,201232,much,1
SH5,201232,industry,1
SH5,201232,widely,1
SH5,201232,inclusive,1
SH5,201232,broader,1
SH5,201232,opportunities,1
SH5,201232,offers,1
SH5,201232,aesthetic,1
SH5,201232,both,1
SH5,201232,period,1
SH5,201232,musical,1
SH5,201232,take,1
SH5,201232,arts,1
SH5,201232,relative,1
SH5,201232,tended,1
SH5,201232,elite,1
SH5,201232,fresh,1
SH5,201232,find,1
SH5,201232,ranging,1
SH5,201232,new,1
SH5,201232,histories,1
SH5,201232,historiography,1
SH5,201232,past,1
SH5,201232,interdisciplinary,1
SH5,201232,education,1
SH5,201232,construct,1
SH5,201232,generate,1
SH5,201232,half,1
SH5,201232,series,1
SH5,201232,original,1
SH5,201232,intended,1
SH5,201232,model,1
SH5,201232,book,1
SH5,201232,focussed,1
SH5,201232,culture,1
SH5,201232,write,1
SH5,201232,isolation,1
SH5,201232,humanities,1
SH5,201232,focus,1
SH5,201232,activity,1
SH5,201232,city,1
SH5,201232,exploring,1
SH5,201232,providing,1
SH5,201232,method,1
SH5,201232,material,1
SH5,201232,more,1
SH5,201232,western,1
SH5,201232,contributed,1
SH5,201232,public,1
SH5,201232,became,1
SH5,201232,boredom,1
SH5,201232,irritation,1
SH5,201232,creation,1
SH5,201232,cultural,1
SH5,201232,imagined,1
SH5,201232,takes,1
SH5,201232,functions,1
SH5,201232,twenty,1
SH5,201232,fields,1
SH5,201232,better,1
SH5,201232,presence,1
SH5,201232,considering,1
SH5,201232,relevance,1
SH5,201232,detail,1
SH5,201232,musicology,1
SH5,201232,unprecedentedly,1
SH5,201232,alongside,1
SH5,201232,range,1
SH5,201232,work,1
SH5,201232,genres,1
SH5,201232,disciplines,1
SH5,201232,activities,1
SH5,201234,museums,6
SH5,201234,collections,5
SH5,201234,european,4
SH5,201234,use,2
SH5,201234,cross,2
SH5,201234,oceanic,2
SH5,201234,upon,2
SH5,201234,pacific,2
SH5,201234,art,2
SH5,201234,museum,2
SH5,201234,project,2
SH5,201234,methods,2
SH5,201234,cultures,2
SH5,201234,histories,2
SH5,201234,range,2
SH5,201234,asked,1
SH5,201234,collecting,1
SH5,201234,german,1
SH5,201234,dutch,1
SH5,201234,analysed,1
SH5,201234,making,1
SH5,201234,arts,1
SH5,201234,understand,1
SH5,201234,unstudied,1
SH5,201234,cambridge,1
SH5,201234,largely,1
SH5,201234,early,1
SH5,201234,collaborators,1
SH5,201234,complex,1
SH5,201234,europe,1
SH5,201234,contemporary,1
SH5,201234,netherlands,1
SH5,201234,islands,1
SH5,201234,france,1
SH5,201234,nineteenth,1
SH5,201234,perspectives,1
SH5,201234,experimental,1
SH5,201234,collection,1
SH5,201234,investigates,1
SH5,201234,led,1
SH5,201234,remained,1
SH5,201234,expert,1
SH5,201234,entered,1
SH5,201234,team,1
SH5,201234,innovative,1
SH5,201234,cultural,1
SH5,201234,centuries,1
SH5,201234,policy,1
SH5,201234,material,1
SH5,201234,twentieth,1
SH5,201234,disciplinary,1
SH5,201234,practice,1
SH5,201234,today,1
SH5,201234,advance,1
SH5,201234,germany,1
SH5,201234,based,1
SH5,201234,materiality,1
SH5,201234,depth,1
SH5,201234,network,1
SH5,201234,approaches,1
SH5,201234,historicised,1
SH5,201234,members,1
SH5,201234,ethnographic,1
SH5,201234,history,1
SH5,201234,works,1
SH5,201234,artists,1
SH5,201234,genres,1
SH5,201234,investigate,1
SH5,201234,questions,1
SH5,201234,work,1
SH5,201234,raised,1
SH5,201234,provide,1
SH5,201234,now,1
SH5,201234,major,1
SH5,201234,including,1
SH5,201234,environments,1
SH5,201234,constitution,1
SH5,201234,relational,1
SH5,201234,understandings,1
SH5,201234,assemblages,1
SH5,201234,researchers,1
SH5,201234,never,1
SH5,201234,unprecedented,1
SH5,201234,simple,1
SH5,201234,community,1
SH5,201234,samples,1
SH5,201234,materials,1
SH5,201234,local,1
SH5,201234,during,1
SH5,201234,russia,1
SH5,201234,kingdom,1
SH5,201234,customary,1
SH5,201234,postdoctoral,1
SH5,201234,elders,1
SH5,201234,united,1
SH5,201234,focussing,1
SH5,201234,theorise,1
SH5,201234,comparative,1
SH5,201234,both,1
SH5,201234,oceania,1
SH5,201234,study,1
SH5,201234,british,1
SH5,201234,french,1
SH5,201234,russian,1
SH5,201234,together,1
SH5,201234,inter,1
SH5,201234,presentations,1
SH5,201234,connected,1
SH5,201234,world,1
SH5,201234,enterprises,1
SH5,201234,generally,1
SH5,201234,resulted,1
SH5,201234,appropriate,1
SH5,201234,distinctive,1
SH5,201234,twenty,1
SH5,201234,propose,1
SH5,201234,first,1
SH5,201234,new,1
SH5,201234,century,1
SH5,201234,powerfully,1
SH5,201243,technologies,4
SH5,201243,programmes,3
SH5,201243,technological,3
SH5,201243,change,3
SH5,201243,process,3
SH5,201243,particular,3
SH5,201243,project,3
SH5,201243,use,3
SH5,201243,material,2
SH5,201243,1960,2
SH5,201243,sound,2
SH5,201243,implemented,2
SH5,201243,study,2
SH5,201243,enabled,2
SH5,201243,changes,2
SH5,201243,film,2
SH5,201243,case,2
SH5,201243,new,2
SH5,201243,digital,2
SH5,201243,major,2
SH5,201243,tape,2
SH5,201243,both,2
SH5,201243,machines,2
SH5,201243,offer,2
SH5,201243,studies,2
SH5,201243,present,1
SH5,201243,filmed,1
SH5,201243,substantially,1
SH5,201243,arrays,1
SH5,201243,adoption,1
SH5,201243,working,1
SH5,201243,rise,1
SH5,201243,reconstructions,1
SH5,201243,idea,1
SH5,201243,years,1
SH5,201243,programming,1
SH5,201243,five,1
SH5,201243,regional,1
SH5,201243,less,1
SH5,201243,viewer,1
SH5,201243,took,1
SH5,201243,national,1
SH5,201243,editing,1
SH5,201243,16mm,1
SH5,201243,one,1
SH5,201243,based,1
SH5,201243,longditudinal,1
SH5,201243,two,1
SH5,201243,being,1
SH5,201243,environment,1
SH5,201243,called,1
SH5,201243,production,1
SH5,201243,workflow,1
SH5,201243,conflicting,1
SH5,201243,emphasise,1
SH5,201243,doing,1
SH5,201243,standard,1
SH5,201243,different,1
SH5,201243,television,1
SH5,201243,capabilities,1
SH5,201243,configurations,1
SH5,201243,image,1
SH5,201243,themselves,1
SH5,201243,making,1
SH5,201243,capture,1
SH5,201243,methods,1
SH5,201243,obvious,1
SH5,201243,therefore,1
SH5,201243,disposal,1
SH5,201243,filmers,1
SH5,201243,innovation,1
SH5,201243,processes,1
SH5,201243,need,1
SH5,201243,disuse,1
SH5,201243,gave,1
SH5,201243,opening,1
SH5,201243,processing,1
SH5,201243,academic,1
SH5,201243,undergone,1
SH5,201243,examine,1
SH5,201243,waves,1
SH5,201243,forms,1
SH5,201243,existed,1
SH5,201243,tvs,1
SH5,201243,old,1
SH5,201243,invention,1
SH5,201243,imposed,1
SH5,201243,emphasised,1
SH5,201243,industry,1
SH5,201243,fallen,1
SH5,201243,prevailing,1
SH5,201243,gradually,1
SH5,201243,desired,1
SH5,201243,broadcast,1
SH5,201243,individual,1
SH5,201243,near,1
SH5,201243,demands,1
SH5,201243,emerged,1
SH5,201243,programme,1
SH5,201243,resultant,1
SH5,201243,archives,1
SH5,201243,produce,1
SH5,201243,contemporary,1
SH5,201243,overall,1
SH5,201243,limits,1
SH5,201243,written,1
SH5,201243,successive,1
SH5,201243,account,1
SH5,201243,dominant,1
SH5,201243,principal,1
SH5,201243,vast,1
SH5,201243,theory,1
SH5,201243,ways,1
SH5,201243,things,1
SH5,201243,variants,1
SH5,201243,current,1
SH5,201243,management,1
SH5,201243,broadcasting,1
SH5,201243,tapeless,1
SH5,201243,currently,1
SH5,201243,organisations,1
SH5,201243,historical,1
SH5,201243,evolution,1
SH5,201243,recording,1
SH5,201243,rapid,1
SH5,201243,cutting,1
SH5,201243,made,1
SH5,201243,users,1
SH5,201243,available,1
SH5,201243,broadcasters,1
SH5,201243,explanatory,1
SH5,201243,explain,1
SH5,201243,public,1
SH5,201243,online,1
SH5,201243,coped,1
SH5,201243,archive,1
SH5,201243,changed,1
SH5,201244,dirt,8
SH5,201244,africa,4
SH5,201244,african,4
SH5,201244,understandings,3
SH5,201244,studies,3
SH5,201244,representations,3
SH5,201244,university,3
SH5,201244,interdisciplinary,2
SH5,201244,political,2
SH5,201244,historical,2
SH5,201244,identify,2
SH5,201244,years,2
SH5,201244,project,2
SH5,201244,theoretical,2
SH5,201244,everyday,2
SH5,201244,lagos,2
SH5,201244,sexuality,2
SH5,201244,comparative,2
SH5,201244,cultural,2
SH5,201244,ethnicity,2
SH5,201244,key,2
SH5,201244,local,2
SH5,201244,work,2
SH5,201244,nairobi,2
SH5,201244,researchers,2
SH5,201244,urban,2
SH5,201244,methodological,2
SH5,201244,institutions,1
SH5,201244,discourses,1
SH5,201244,methodologies,1
SH5,201244,employing,1
SH5,201244,reflect,1
SH5,201244,accounts,1
SH5,201244,complex,1
SH5,201244,influences,1
SH5,201244,besides,1
SH5,201244,environment,1
SH5,201244,detail,1
SH5,201244,understanding,1
SH5,201244,point,1
SH5,201244,peoples,1
SH5,201244,substance,1
SH5,201244,teams,1
SH5,201244,colonialism,1
SH5,201244,two,1
SH5,201244,themes,1
SH5,201244,set,1
SH5,201244,time,1
SH5,201244,generates,1
SH5,201244,situated,1
SH5,201244,concept,1
SH5,201244,shapes,1
SH5,201244,directions,1
SH5,201244,perspective,1
SH5,201244,recycling,1
SH5,201244,migration,1
SH5,201244,histories,1
SH5,201244,vital,1
SH5,201244,evaluate,1
SH5,201244,category,1
SH5,201244,practices,1
SH5,201244,permeates,1
SH5,201244,providing,1
SH5,201244,well,1
SH5,201244,epidemiologists,1
SH5,201244,locations,1
SH5,201244,attitudes,1
SH5,201244,more,1
SH5,201244,idea,1
SH5,201244,examining,1
SH5,201244,towards,1
SH5,201244,anthropological,1
SH5,201244,life,1
SH5,201244,urbanisation,1
SH5,201244,kenya,1
SH5,201244,empirical,1
SH5,201244,cultures,1
SH5,201244,occasional,1
SH5,201244,perceptions,1
SH5,201244,kenyatta,1
SH5,201244,social,1
SH5,201244,four,1
SH5,201244,particular,1
SH5,201244,history,1
SH5,201244,examined,1
SH5,201244,dirty,1
SH5,201244,starting,1
SH5,201244,nigeria,1
SH5,201244,addressed,1
SH5,201244,first,1
SH5,201244,body,1
SH5,201244,reference,1
SH5,201244,contexts,1
SH5,201244,locally,1
SH5,201244,waste,1
SH5,201244,case,1
SH5,201244,range,1
SH5,201244,specific,1
SH5,201244,participating,1
SH5,201244,sustained,1
SH5,201244,archive,1
SH5,201244,doctoral,1
SH5,201244,primary,1
SH5,201244,postdoctoral,1
SH5,201244,resources,1
SH5,201244,host,1
SH5,201244,objectives,1
SH5,201244,institution,1
SH5,201244,include,1
SH5,201244,sussex,1
SH5,201244,learn,1
SH5,201244,addition,1
SH5,201244,positive,1
SH5,201244,major,1
SH5,201244,negative,1
SH5,201244,outputs,1
SH5,201244,valuations,1
SH5,201244,build,1
SH5,201244,words,1
SH5,201244,website,1
SH5,201244,connoting,1
SH5,201244,addresses,1
SH5,201244,develop,1
SH5,201244,ethical,1
SH5,201244,paradigm,1
SH5,201244,issues,1
SH5,201259,artistic,8
SH5,201259,concepts,5
SH5,201259,practices,3
SH5,201259,aim,3
SH5,201259,europe,3
SH5,201259,definition,2
SH5,201259,study,2
SH5,201259,language,2
SH5,201259,through,2
SH5,201259,purpose,2
SH5,201259,new,2
SH5,201259,boundaries,2
SH5,201259,century,2
SH5,201259,modern,2
SH5,201259,research,2
SH5,201259,terms,2
SH5,201259,networks,2
SH5,201259,circulation,2
SH5,201259,show,2
SH5,201259,vocabulary,2
SH5,201259,space,2
SH5,201259,alps,1
SH5,201259,early,1
SH5,201259,way,1
SH5,201259,dictionary,1
SH5,201259,provide,1
SH5,201259,opens,1
SH5,201259,out,1
SH5,201259,geographic,1
SH5,201259,relation,1
SH5,201259,diversified,1
SH5,201259,specificity,1
SH5,201259,culturally,1
SH5,201259,art,1
SH5,201259,within,1
SH5,201259,volume,1
SH5,201259,identity,1
SH5,201259,grasped,1
SH5,201259,universality,1
SH5,201259,context,1
SH5,201259,moving,1
SH5,201259,one,1
SH5,201259,determining,1
SH5,201259,languages,1
SH5,201259,work,1
SH5,201259,dissemination,1
SH5,201259,permeability,1
SH5,201259,develops,1
SH5,201259,beginning,1
SH5,201259,terminology,1
SH5,201259,second,1
SH5,201259,project,1
SH5,201259,knowledge,1
SH5,201259,critical,1
SH5,201259,both,1
SH5,201259,lexicological,1
SH5,201259,putting,1
SH5,201259,experimentation,1
SH5,201259,reflexive,1
SH5,201259,transforms,1
SH5,201259,transfers,1
SH5,201259,development,1
SH5,201259,community,1
SH5,201259,european,1
SH5,201259,intellectual,1
SH5,201259,french,1
SH5,201259,erudite,1
SH5,201259,itself,1
SH5,201259,themselves,1
SH5,201259,considered,1
SH5,201259,definitions,1
SH5,201259,synchronic,1
SH5,201259,analyses,1
SH5,201259,communities,1
SH5,201259,subsequent,1
SH5,201259,diachronic,1
SH5,201259,insertion,1
SH5,201259,approaches,1
SH5,201259,third,1
SH5,201259,site,1
SH5,201259,linked,1
SH5,201259,underline,1
SH5,201259,glossaries,1
SH5,201259,first,1
SH5,201259,hand,1
SH5,201259,threefold,1
SH5,201259,transcription,1
SH5,201259,precious,1
SH5,201259,studies,1
SH5,201259,methodological,1
SH5,201259,xviith,1
SH5,201259,theoretical,1
SH5,201259,turns,1
SH5,201259,field,1
SH5,201259,prospect,1
SH5,201259,essays,1
SH5,201259,cultural,1
SH5,201259,given,1
SH5,201259,documentary,1
SH5,201259,program,1
SH5,201259,xviiith,1
SH5,201259,communication,1
SH5,201259,relations,1
SH5,201259,fit,1
SH5,201259,words,1
SH5,201259,artists,1
SH5,201259,looking,1
SH5,201259,connoisseurs,1
SH5,201259,common,1
SH5,201259,database,1
SH5,201259,whole,1
SH5,201259,entries,1
SH5,201259,republic,1
SH5,201259,multilingual,1
SH5,201259,arts,1
SH5,201259,two,1
SH5,201259,allows,1
SH5,201259,theorist,1
SH5,201259,numerous,1
SH5,201259,apparatus,1
SH5,201259,experiences,1
SH5,201259,connection,1
SH5,201259,make,1
SH5,201259,north,1
SH5,201259,diversity,1
SH5,201259,domains,1