Proposal number or code,Name,First name,H-index (Scopus),Host institution,geo_longitude,geo_latitude,geo_accuracy,"Kind of Institution (1=University, 2=Research Centre)",,Host country,Project Acronym ,Project Title,Panel,Call year,PI's Country of birth,Nationality,Second Nationality,Country of PI's BA/BS,Country of PI's MA/MS,Country of PI's PhD,PI's sex,Project webpage,Born year,Max ERC funding (million euro),Duration (months ),Host Institution=PI's alma mater,Other
200801,Baland,Jean-Marie,11,"Facultes Universitaires Notre Dame de 
la Paix (FUNDP)",,,,1,,BE,SSD,"Social capital and enforcement of informal contracts 
in developing economies",SH1,2008,BE,BE,,BE,BE,BE,M,http://www.unamur.be/eco/economie/cred/social_capital ,,0.72,60,yes ,
200802,Timmermans,Harry J. P. ,26,Technische Universiteit Eindhoven ,5.4859518,51.4478874,university,1,,NL,U4IA,"U4IA(Euphoria): Emerging Urban Futures and 
Opportune Repertoires of Individual Adaptation",SH3,2008,NL,NL,,NL,NL,NL,M,,,2.46,60,no,
200803,Garavaglia,Juan Carlos,3,Universitat Pompeu Fabra (UPF),,,,1,,ES,StateBgLatAmerica,"he State Building process in Latin American history: 
a comparative study, 1820-1870",SH6,2008,"CO
",AR,IT,AR,AR,AR,M,http://www.statebglat.upf.edu/spip.php?article34 ,1944,1.58,66,no,
200804,Lamme,Victor Albert Farid,36,Universiteit van Amsterdam,4.8932189,52.3685548,museum,1,,NL,DEFCON1,A New Definition of Consciousness,SH4,2008,NL,NL,,NL,NL,NL,M,Not found,,2.34,60,,
200805,Radaelli,Claudio,16,University of Exeter,-3.53666356506029,50.7378738,university,1,,UK,ALREG,Analysing Learning in Regulatory Governance,SH2,2008,IT,IT,,IT,IT,IT,M,http://centres.exeter.ac.uk/ceg/research/ALREG/ ,,0.95,49,no,
200806,Collart Dutilleul,François,0,Université de Nantes,,,,1,,FR,LASCAUX,"Analysis and assessment of  the new European Agrifood Law in the contexts of food safety, sustainable development and international trade",SH2,2008,FR,FR,,FR,FR,FR,M,http://www.droit-aliments-terre.eu/index_ter.html,,1.94,60,,
200807,Daskalov,Roumen,2,New Bulgarian University,22.8809948,43.9901178,university,1,,BG,Entangled Balkans,"Balkan Histories: Shared, Connected, Entangled",SH6,2008,BG,BG,,BG,BG,BG,M,http://entangledbalkans.eu/,,1.56,60,no,
200808,Stråth ,Bo,2,"University of Helsinki, Centre for Nordic 
Studies",,,,1,,FI,EreRe,"Between Restoration and Revolution, National 
Constitutions and Global Law: an Alternative View on 
the European Century 1815-1914",SH2,2008,FI,FI,,FI,,,M,http://www.helsinki.fi/erere/ ,,2.5,60,,
200809,Marinacci,Massimo,17,Universita Commerciale Luigi Bocconi,9.1888363053346,45.4497055389601,university,1,,IT,BRSCDP-TEA,"Bounded rationality and social concerns in decision 
processes: theory, experiments, and applications",SH1,2008,IT,IT,,IT,IT,USA,M,http://didattica.unibocconi.eu/myigier/index.php?IdUte=48698&idr=17822&lingua=eng&comando=Apri ,,1.4,60,no,
200810,Spiegler,Ran,8,University College London (UCL),-0.1352164,51.5216794,university,1,,UK,BRIO,Bounded rationality in industrial organization,SH1,2008,IL,IL,,IL,IL,IL,M,Not found,,1.1,72,no,
200811,Jackson,Peter,17,University of Sheffield,-1.48919011109717,53.38158375,university,1,,UK,CONANX,Consumer culture in an age of anxiety: political and moral economies of food,SH3,2008,UK,UK,,UK,,,M,http://www.sheffield.ac.uk/conanx,,1.68,48,no,
200812,Recanati,François,8,Centre National de la Recherche Scientifique (CNRS),5.69990402259275,45.203654,university,2,,FR,CCC,"Context, Content, and Compositionality",SH4,2008,FR,FR,,FR,,,M,Not found,1952,1.14,60,,
200813,Grainger,Ian Jonathan,37,Centre National de la Recherche Scientifique (CNRS),5.69990402259275,45.203654,university,2,,FR,O-CODE,Cracking the orthographic code,SH4,2008,UK,UK,,UK,,FR,M,Not found,1956,2.22,60,no,
200814,Barker,Graeme,9,"The Chancellor, Masters and Scholars of the University of Cambridge",,,,1,,UK,TRANS-NAP,Cultural transformations and environmental transitions in North Africa prehistory,SH6,2008,UK,UK,,UK,UK,UK,M,Not found,1946,2,60,yes ,
200815,Karady,Victor,1,Kozep-Europai Egyetem,,,,1,,HU,elites08,"Culturally Composite Elites, Regime Changes and 
Social Crises in Multi-Ethnic and Multi-Confessional 
Eastern Europe. (The Carpathian Basin and the 
Baltics in Comparison - cc. 1900-1950)",SH6,2008,HU,HU,,HU,FR,HU,M,http://elites08.uni.hu/,1936,0.77,39,no,
200816,Gollier,Christian,19,"Fondation Jean-Jacques Laffont - 
Toulouse Sciences Economiques",,,,2,,FR,"LONG-TERM 
RISKS","Evaluation and management of collective long-term 
Risk",SH1,2008,BE,BE,,BE,BE,BE,M,Not found,1961,1.4,72,no,
200817,Jehiel,Philippe,15,Ecole d'Economie de Paris,,,,1,,FR,GTAPCL,"Game Theory and Applications in the Presence of 
Cognitive Limitations",SH1,2008,FR,FR,,FR,FR,FR,M,Not found,1964,0.68,60,yes (from EHESS),
200818,Boomsma,Dorret ,7,Stichting VU-VUMC,,,,1,,NL,GMI,Genetics of Mental Illness,SH4,2008,NL,NL,,NL,USA,NL,F,Not found,1957,2.47,57,yes ,
200819,Tabellini ,Guido,25,Universita Commerciale Luigi Bocconi,9.1888363053346,45.4497055389601,university,1,,IT,Institutions,"How do values influence the functioning of institutions 
and the effects of policies?",SH1,2008,IT,IT,,IT,IT,USA,M,,,1.07,60,,
200820,Vives,Xavier,15,"IESE Business School, University of Navarra",,,,1,,ES,INFOCOMP,Information and Competition,SH1,2008,SP,SP,,SP,USA,USA,M,not found,1955,1.29,60,,
200821,Zilibotti,Fabrizio,18,University of Zurich,,,,1,,CH ,IPCDP,"Institutions, Policy and Culture in the Development 
Process",SH1,2008,IT,IT,,IT,USA,USA,M,http://www.econ.uzh.ch/ipcdp.html “It seems the ERC project brought abou the creation of a new department.”,1964,1.6,66,,
200822,Gole,Nilufer,5,Ecole des Hautes Etudes en Sciences Sociales (EHESS),2.37201729215605,48.83595815,college,1,,FR,Europublicislam,Islam in the Making of a European Public Sphere,SH5,2008,TR,TR,FR,TR,FR,FR,F,http://europublicislam.hypotheses.org/,1953,1.41,52,,
200823,Müller,Hans Christian,0,Centre National de la Recherche Scientifique (CNRS),5.69990402259275,45.203654,university,2,,FR,ILM,"Islamic Law materialized: Arabic legal documents 
(8th to 15th century) (ILM)",SH6,2008,,,,,,,M,,,1.02,60,,
200824,Fierro Bello,Maribel,3,Consejo Superior de Investigaciones Científicas (CSIC),,,,2,,ES,KOHEPOCU,"Knowledge, heresy and political culture in the Islamic 
West. Eighth-fifteenth centuries",SH6,2008,SP,SP,,SP,SP,SP,F,http://www.proyectos.cchs.csic.es/KOHEPOCU/en,,1,60,,
200825,Galí,Jordi,23,Centre de Recerca en Economica Internacional (CREI),,,,2,,ES,LABPOL,"Labor Markets, Economic Fluctuations and Monetary Policy",SH1,2008,SP,SP,,SP,SP,USA,M,,,0.6,36,,
200826,Federico,Giovanni,8,European University Institute,12.1029629,49.014817,university,1,,IT,INMARWEL,Market Integration and the Welfare of Europeans,SH6,2008,IT,IT,,IT,IT,IT,M,http://www.eui.eu/DepartmentsAndCentres/HistoryAndCivilization/ResearchAndTeaching/OnlineProjects/MarketIntegrationWelfareEuropeans/Index.aspx,1954,0.88,48,,
200827,Moore,John,12,The University of Edinburgh,-3.18638145,55.9489975,museum,-3.18638145,55.9489975,museum,MLAE,"Money, Liquidity, and the Aggregate Economy",SH1,2008,UK,UK,,UK,UK,UK,M,,1954,1.6,60,,
200828,Corbett,Greville,9,University of Surrey,-0.58937141485139,51.2430980576283,university,1,,UK,MORPHOLOGY,Morphological Complexity: Typology as a Tool for Delineating Cognitive Organization,SH4,2008,UK,UK,,UK,UK,UK,,http://www.surrey.ac.uk/englishandlanguages/research/smg/researchprojects/morphologicalcomplexity/outputs/,1947,1.71,60,,
200829,Bode,Johann Heinrich Christoph,1,Ludwig Maximilians Universitaet Muenchen,11.5482838,48.2474261,veterinary,1,,DE,NAFU,Narrating Futures,SH5,2008,,,,,,,M,http://www.anglistik.uni-muenchen.de/forschung/nafu.html,,0.9,36,,
200830,Linton,Oliver Bruce,20,"The Chancellor, Masters and Scholars of the University of Cambridge",,,,1,,UK,NAMSEF,"Nonparametric and Semiparametric Methods in 
Economics and Finance",SH1,2008,UK,UK,,UK,USA,USA,M,Not found,,1.2,60,,
200831,Peña Chocarro,Maria Leonor,6,Consejo Superior de Investigaciones Científicas (CSIC),,,,2,,ES,AGRIWESTMED,Origins and spread of agriculture in the southwestern Mediterranean region,SH6,2008,SP,SP,,SP,UK,UK,F,,,,,,
200832,Goetz,Hans-Werner,0,University of Hamburg,10.0221349,53.5550247,university,1,,DE,POR,Perception of Religions,SH6,2008,DE,DE,,DE,DE,DE,M,http://www.geschichte.uni-hamburg.de/personal/ERC-Projekt.html,1947,0.58,36,,
200833,Flor,Herta,56,Zentralinstitut für Seelische Gesundheit,8.46806727930713,49.4928899,construction,2,,DE,PHANTOMMIND,"Phantom phenomena: A window to the mind and the 
Brain",SH4,2008,DE,DE,,DE,DE,DE,F,,,2.33,72,,
200834,Scherer,Klaus,33,Univeristé de Genève,,,,1,,CH ,PROPEREMO,"Production and perception of emotion: An affective 
sciences approach",SH4,2008,,,,,,,M,http://www.affective-sciences.org/properemo,1943,2.37,72,,
200835,Krusell ,Per,17,Stockholms universitet,18.0590531,59.363954,university,1,,SE,MACROCLIMATE,"Quantitative dynamic macroeconomic analysis of 
global climate
change and inequality",SH1,2008,SE,SE,,SE,USA,,M,,1959,2.1,60,,
200836,Schmidtke ,Sabine,3,Freie Universität Berlin,13.2768306922327,52.4493375344562,yes,1,,DE,Rationalism,"Rediscovering Theological Rationalism in the 
Medieval World of Islam",SH5,2008,,,,"Israel/UK (Ma, PhD)/DE",,,F,http://www.geisteswissenschaften.fu-berlin.de/en/izma/forschung/laufend/theological_rationalism/index.html,,1.88,60,,
200837,Inderst,Roman Anton,11,"Johann Wolfgang Goethe - Universitaet 
Frankfurt am Main",,,,1,,DE,RRF,Regulating Retail Finance,SH1,2008,DE,DE,,DE,,,M,,1970,1.33,72,,
200838,Burr,David,33,Universita degli Studi di Firenze,11.0988225625211,43.8852854175552,university,1,,IT,STANIB,"Space, Time and Number in the Brain",SH4,2008,,,,,,,M,http://www.pisavisionlab.org/index.php/projects/136-stanibprojects,,2.38,60,,
200839,Shaw,Josephine,0,The University of Edinburgh,-3.18638145,55.9489975,museum,1,,UK,CITSEE,"The Europeanisation of Citizenship in the Successor 
States of the Former Yugoslavia",SH2,2008,UK,UK,,UK/BE/UK,,,F,http://www.citsee.eu/,,2.24,60,,
200840,Chappell,Hilary Margaret,2,Ecole des Hautes Etudes en Sciences Sociales (EHESS),2.37201729215605,48.83595815,college,1,,FR,SINOTYPE,The hybrid syntactic typology of Sinitic languages,SH4,2008,AU,AU/FR,,AU/China,,,F,http://sinotype.hypotheses.org/,,1.863528,54,,
200841,Chaniotis,Angelos,2,"The Chancellor, Masters and Scholars of the Uiversity of Oxford",,,,1,,UK,Emotions,The social and cultural construction of emotions: The Greek paradigm,SH6,2008,GRC,GRC/DE,,GRC/DE (MA/PhD),,,M,http://emotions.classics.ox.ac.uk/,1959,1.59,60,,
200842,Gargiani,Roberto,0,Ecole Polytechnique Fédérale de Lausanne,6.56655131538083,46.51873975,university,1,,CH ,FMWK 1870-2008,"The surfaces of cement and reinforced concrete. A 
history of the formworks and processing of the 
Surface, 1870-2008",SH5,2008,IT,IT,,IT,,,M,http://actu.epfl.ch/news/roberto-gargiani-the-surfaces-of-cement-and-reinfo/ ,1956,0.66,60,,
200843,Fitch,William Tecumseh Sherman,24,University of St. Andrews,-2.8086406455356,56.33992355,bicycle_parking,1,,UK,SOMACCA,The Syntax of the Mind: A Comparative Computational Approach,SH4,2008,USA,USA,,USA,,,M,http://www.somacca.net/somacca/index.html,1963,1.96,60,,
200844,McInnes,Colin John,6,Aberystwyth University,-4.05291605794076,52.4107619,university,1,,UK,GHG,"The Transformation of Global Health Governance: 
Competing Worldviews and Crises.",SH2,2008,UK,UK,,UK,,,M,,,2.35,60,,
200845,Fassin,Didier,1,Ecole des Hautes Etudes en Sciences Sociales (EHESS),2.37201729215605,48.83595815,college,1,,FR,MORALS,Towards a critical moral anthropology,SH2,2008,FR,FR,,FR,,,M,http://morals.ias.edu/,,1.29,48,,
200846,Van Leeuwen ,Marco Henk Dammes ,7,Universiteit Utrecht,5.1234029,52.0904592,university,1,,NL,TowardsOpenSocieties,"Towards Open Societies? Trends, Variations and Driving Forces of Intergenerational Social Mobility in 
Europe over the Past Three Centuries",SH6,2008,NL,NL,,NL,,,M,http://www.towardsopensocieties.org/Towards_Open_Societies/home.html,,1.92,60,,
200847,Muysken,Pieter,3,"Stiching Katholieke  Universiteit 
Nijmegen - Radboud University",,,,1,,NL,contacts,"Traces of contact: Language contact studies and 
historical linguistics",SH5,2008,BO,NL,,USA (BA)/NL ,,,M,,1950,2.5,60,,
200848,O'Brien,Patrick Karl,6,London School of Economics and Political Science,-0.1167573,51.5137751,university,1,,UK,URKEW,"Useful and Reliable Knowledge in Global Histories of 
Material Progress in the East and the West",SH6,2008,,UK,,UK,,,M,http://www.lse.ac.uk/economicHistory/Research/URKEW/aboutUrkew.aspx,1932,1.5,48,,
200849,Hastrup,Kirsten,5,University of Copenhagen,12.5722767177557,55.6801805,university,1,,DK,Waterworlds,"Waterworlds: Natural environmental disasters and 
social resilience in anthropological perspective",SH2,2008,DK,DK,,DK/UK (PhD),,,F,http://waterworlds.ku.dk/,1948,2.98,60,,
200901,Ventura,Jaume,9,Centre de Recerca en Economica Internacional (CREI),,,,2,,ES,ABEP,Asset Bubbles and Economic Policy,SH1,2009,ES,ES,,ES/USA (MA & PhD),,,M,,,1,60,No,
200902,Marks,Gary,21,Stichting VU-VUMC,,,,1,,NL,MLG,    Causes and Consequences of Multilevel Governance       ,SH2,2009,UK,UK/USA,,UK/USA (MA & PhD),,,M,http://www.falw.vu/~mlg/index.html,1952,2.48,60,No,
200903,Knill,Christoph,15,Universität Konstanz,9.1893913760406,47.6899379,university,1,,DE,MORAPOL,Change in Policy Fields: The Impact of International and Domestic Factors on Morality Policies in 25 OECD Countries Between 1980 and 2010     ,SH2,2009,DE,DE,,DE,,,M,http://www.polver.uni-konstanz.de/en/knill/research-projects/comparative-analysis-of-moral-policy-change/,1965,2.06,72,No,
200904,Isin,Engin,6,The Open University,34.8876403743723,32.1880184,university,1,,UK,OECUMENE,  Citizenship after Orientalism            ,SH2,2009,TR,TR?,,TR/CA (PhD),,,M,www.oecumene.eu/,,2,48,No,
200905,Tirole,Jean-Marie,40,"Fondation Jean-Jacques Laffont - 
Toulouse Sciences Economiques",,,,2,,FR,COGNITION,"   Cognition and Decision-Making: Laws, Norms and Contracts ",SH1,2009,FR,FR,,FR/USA (PhD),,,M,http://www.tse-fr.eu/index.php?option=com_content&task=view&id=841&Itemid=1,1953,1.91,60,No,
200906,Glucksmann,Miriam,6,University of Essex,0.9469064,51.8765705,university,1,,UK,-3.2765753,54.7023545,administrative,2009,UK,UK,,UK,,,F,http://www.essex.ac.uk/sociology/research/divlab/,,0.81,45,No,
200907,Shennan,Stephen,15,University College London (UCL),-0.1352164,51.5216794,university,1,,UK,EUROEVOL,Cultural Evolution of Neolithic Europe,SH6,2009,UK,UK,,UK,,,M,http://www.ucl.ac.uk/euroevol,,2,60,No,
200908,Roeder ,Brigitte,1,Universität Hamburg,9.98970203958111,53.56541315,house,1,,DE,"CRITICALBRAINCHANGES

","Development and plasticity of multisensory functions to study the 
principles of age dependent learning plasticity in humans",SH4,2009,DE,DE,,DE,,,F,,1967,2.39664,60,No,
200909,Pauer-Studer,Herlinde,1,Universität Wien,16.3606814491187,48.2131165,university,1,,AT,NS-MORALITY,Distortions of Normativity: The NS-System and Morality,SH4,2009,AT,AT,,AT/US (MA),,,F,http://distortions.univie.ac.at/,,1.26,48,No,
200910,Moldovanu,Benny,15,Rheinische Friedrich-Wilhelms-Universität Bonn,7.1022309,50.733798,university,1,,DE,DMD,Dynamic mechanism design: Theory and applications,SH1,2009,IL,IL,,IL/DE (PhD),,,M,http://www3.uni-bonn.de/forschung/forschungsprofil/erc-grants/dmd,,1.12,60,Yes,
200911,Küpper,Joachim,2,Freie Universität Berlin,13.2768306922327,52.4493375344562,yes,1,,DE,DRAMANET,Early Modern European Drama and the Cultural Net,SH5,2009,DE,DE,,DE/FR (BA),,,M,http://www.geisteswissenschaften.fu-berlin.de/we03/forschung/drittmittelprojekte/dramanet/profil/index.html,1952,2.4,60,No,
200912,Goeree,Jacob,20,University of Zurich,,,,1,,CH ,ESEI,Engineering social and economic institutions,SH1,2009,NL,NL,,NL,,,M,http://www.esei.ch/,,1.8,60,No,
200913,Berg,Maxine,4,University of Warwick,-1.5604252,52.3793131,post_office,1,,UK,TRADE,Europe's Asian Centuries: Trading Eurasia 1600-1830,SH6,2009,CA,CA,,CA/UK (MA & PhD),,,F,http://www2.warwick.ac.uk/fac/arts/history/ghcc/eac,,1.54,48,No,
200914,Attanasio,Orazio Pietro,19,University College London (UCL),-0.1352164,51.5216794,university,1,,UK,IHKDC,Exiting long run poverty: the determinants of asset accumulation in developing countries,SH1,2009,IT,IT/UK,,IT/UK (MSc & PhD),,,M,,1959,1.64,42,No,
200915,Jones,Martin,0,"The Chancellor, Masters and Scholars of the University of Cambridge",,,,1,,UK,FOGLIP,Food Globalisation in Prehistory,SH6,2009,UK,UK,,UK,,,M,http://www.foglip.mcdonald.cam.ac.uk/index.html,1951,1.98,60,No,
200916,Tyler,Lorraine Komisarjevsky,38,"The Chancellor, Masters and Scholars of the University of Cambridge",,,,1,,UK,PERCEPCON,From perception to conception: How the brain processes meaningful concepts,SH4,2009,UK,UK,,UK/USA (PhD),,,F,,,2.11,60,No,
200917,Hart,Sergiu,12,The Hebrew University of Jerusalem,35.244723,31.7918555,university,1,,IL,GAME-DYNAMICS,Game Theory: Dynamic approaches,SH1,2009,RO,RO/IL,,IL,,,M,,1949,1.36,60,No,
200918,Steedman,Mark Jerome,9,The University of Edinburgh,-3.18638145,55.9489975,museum,1,,UK,GRAMPLUS,Grammar-Based Robust Natural Language Processing,SH4,2009,UK,UK,,UK,,,M,http://groups.inf.ed.ac.uk/gramplus/,1946,1.91,60,Yes,
200919,D'ancona,Cristina,1,Universita di Pisa,10.3969022583997,43.7206804,university,1,,IT,GREEK INTO ARABIC,Greek into Arabic: Philosophical Concepts and Linguistic Bridges,SH5,2009,IT,IT,,IT,,,F,http://www.greekintoarabic.eu/,,2.11,60,,
200920,Hugdahl,Kenneth,43,Universitetet i Bergen ,5.32346531699794,60.3884165,yes,1,,NO,VOICE," ""Hearing voices"" - From cognition to brain systems",SH4,2009,SE,SE,,SE,,,M,,1948,2.28,60,No,
200921,Csibra ,Gergely,34,Kozep-Europai Egyetem,,,,1,,HU,OSTREFCOM,Human infants' preparedness for relevance-guided learning through ostensive-referential communication,SH4,2009,,,,,,,M,,,1.56,60,,
200922,Valentine,Gillian Margaret,27,The University of Sheffield (en un inici Leeds),,,,1,,UK,LIVEDIFFERENCE,Living with Difference in Europe - Making Communities out of strangers in an era of super-mobility and super-diversity,SH3,2009,UK,UK,,UK/USA (MA)/CA (PhD),,,F,http://livedifference.group.shef.ac.uk/,,2.18,48,,
200923,De Lange,Nicholas Robert Michael De Lange,1,"The Chancellor, Masters and Scholars of the University of Cambridge",,,,1,,UK,MJCBE,Mapping the Jewish communities of the Byzantine Empire,SH6,2009,UK,UK,,UK,,,M,http://www.mjcb.eu/,1944,0.98,36,,Rabbi
200924,Griffith,Rachel,19,Institute for fiscal studies,,,,2,,UK,MAPFAN,"Microeconomic Analysis of Prices, Food and Nutrition",SH1,2009,USA,UK/USA,,USA/UK (PhD),,,F,,1963,1.63,60,No,
200925,Batty,Michael,24,University College London (UCL),-0.1352164,51.5216794,university,1,,UK,MECHANICITY,"Morphology, Energy and Climate Change in the City",SH3,2009,UK,UK,,UK,,,M,http://www.bartlett.ucl.ac.uk/casa/research/current-projects/mechanicity,1945,2.34,60,No,
200926,Born,Georgina,7,"The Chancellor, Masters and Scholars of the Uiversity of Oxford",,,,1,,UK,MUSDIG,"Music, Digitization, Mediation: Towards Interdisciplinary Music Studies",SH5,2009,UK,UK,,UK,,,F,http://www.music.ox.ac.uk/research/projects/musdig/,,1.71,60,No,
200927,Verhoef,Eirk Teodoor,18,Stichting VU-VUMC,,,,1,,NL,OPTION,Optimizing Policies for Transport: accounting for Industrial Organisation in Network markets,SH3,2009,NL,NL,,NL,,,M,,,2.49,60,Yes,
200928,Kühnel,Bianca,0,The Hebrew University of Jerusalem,35.244723,31.7918555,university,1,,IL,PROJER,Projections of Jerusalem in Europe: A Monumental Network,SH5,2009,IL,IL,,IL,,,F,,,1.78,60,Yes,
200929,Rochet,Jean-Carles,20,University of Zurich,,,,1,,CH ,RMAC,Risk management after the crisis,SH1,2009,FR,FR,,FR,,,M,,,1.44,60,No,
200930,Bellier,Irène,1,Ecole des Hautes Etudes en Sciences Sociales (EHESS),2.37201729215605,48.83595815,college,1,,FR,SOGIP,"Scale of governance, the UN, the States and Indigenous peoples human rights: the meanings and issues of self-determination in the time of globalization",SH2,2009,FR,FR,,FR,,,F,http://www.sogip.ehess.fr/spip.php?rubrique15&lang=fr,,2.09,60,Yes,
200931,Nollkaemper,Peter André,4,Universiteit van Amsterdam,4.8932189,52.3685548,museum,1,,NL,SHARES,Shared Responsibility in International Law,SH2,2009,NL,NL,,NL,,,M,http://www.sharesproject.nl/,1962,2.11,60,No,
200932,Genet,Jean-Philippe,0,Université Paris I Panthéon-Sorbonne,2.34433745528475,48.8469926,university,1,,FR,SAS,Signs and States: Semiotics of the Modern State,SH6,2009,FR,FR,,FR,,,M,http://lamop.univ-paris1.fr/spip.php?rubrique235,1944,1.7,48,,
200933,Styles,John,0,The University of Hertfordshire Higher Education Corporation ,,,,1,,UK,SESW,Spinning in the Era of the Spinning Wheel 1400-1800,SH6,2009,UK,UK,,UK,,,M,http://www.johnstyles.pwp.blueyonder.co.uk/spinning.htm,1949,0.82,60,No,
200934,Persson,Torsten,19,Stockholms universitet,18.0590531,59.363954,university,1,,SE,StateCap,"State Capacity, Development, Conflict, and Climate Change",SH1,2009,SE,SE,,SE,,,M,http://su.avedas.com/converis/contract/366;jsessionid=87c48098869bcbdeab0ec88556d6,1954,1.49,60,Yes,
200935,Gafos,Adamantios,5,Universität Postdam,-73.0849757,-36.7848387,university,1,,DE,STIMOS,Syllables and the Timing of Speech,SH4,2009,GR,GR,,GR/USA (PhD),,,M,,,1.12,62,No,
200936,Matthiae,Paolo,3,Universita degli Studi di Roma La Sapienza,,,,1,,IT,EBLA CHORA,"The early state and its chora. Towns, villages and landscape at Ebla in Syria during the 3rd Millennium BC. Royal archives, visual and material",SH6,2009,IT,IT,,IT,,,M,http://www.eblachora.eu/,1940,1.11,48,,
200937,Valkenburg,Patricia Maria,27,Universiteit van Amsterdam,4.8932189,52.3685548,museum,1,,NL,ENTCHILD,The Entertainization of Childhood: An Etiology of Risks and Opportunities,SH2,2009,NL,NL,,NL,,,F,,1958,2.5,60,No,
200938,Ghelardi,Maurizio,0,Scuola Normale Superiore di Pisa,,,,1,,IT,EUROCORR,The European Correspondence to Jacob Burckhardt,SH5,2009,IT,IT,,,,,M,,1952,1.22,48,,
200939,Mace,Ruth Helen,25,University College London (UCL),-0.1352164,51.5216794,university,1,,UK,CULTRWORLD,The evolution of cultural norms in real world settings,SH4,2009,UK,UK,,UK,,,F,,,1.8,60,No,
200940,Tolan,John Victor,2,Maison des Sciences de l'Homme Ange Guépin,,,,2,,FR,RELMIN,The legal status of religious minorities in the Euro-mediterranean world (5th-16th centuries),SH6,2009,USA,USA,,USA,,,M,http://www.relmin.eu/index.php/en/,,2.31,60,No,
200941,Henshilwood,Christopher Stuart,18,Universitetet i Bergen ,5.32346531699794,60.3884165,yes,1,,NO,TRACSYMBOLS,Tracing the evolution of symbolically mediated behaviours within variable environments in Europe and southern Africa,SH6,2009,ZA,ZA,,ZA/UK (PhD),,,M,http://tracsymbols.eu/,,2.5,60,No,
200942,O'rourke,Kevin Hjortshøj,11,"The Chancellor, Masters and Scholars of the Uiversity of Oxford",,,,1,,UK,TRADEDEPRESSION,Trade and the Great Depression in a long run perspective,SH1,2009,,,,IE (BSc)/USA (PhD),,,M,http://www.history.ox.ac.uk/research/project/trade-and-the-great-depression-in-a-long-run-perspective.html,,1.41,60,No,
200943,Wagner,Peter,4,Universitat de Barcelona,2.16347136918318,41.38681505,university,1,,ES,TRAMOD,Trajectories of modernity - comparing non-European and European varieties,SH2,2009,DE,DE,,DE,,,M,http://www.ub.edu/tramod/,,2.37,60,No,
201001,Collins,Harry,12,University of Cardiff,,,,1,,UK,IMGAME,A new method for cross-cultural and cross-temporal comparison of societies,SH2,2010,,UK,,,,,M,http://www.cardiff.ac.uk/socsi/contactsandpeople/harrycollins/expertise-project/imitationgameprogress.html,1943,2.26,60,,
201002,Gilboa,Itzhak,15,Chambre de commerce et d'industrie de Paris,2.30151874101982,48.8738246155486,public_building,1,,FR,UNIND,A Unified Model of Induction,SH1,2010,IL,IL,,IL,,,M,,1963,0.24,60,No,
201003,Latour,Bruno,14,Fondation Nationale des Sciences Politiques,,,,1,,FR,AIME,An Inquiry into Modes of Existence,SH2,2010,FR,FR,,,,,M,http://aimegroup.wordpress.com/tag/bruno-latour/,1947,1.33,36,,
201004,Pumain,Denise,8,Centre National de la Recherche Scientifique (CNRS),5.69990402259275,45.203654,university,2,,FR,GEODIVERCITY,Analysing and Modelling the Geographical Diversity of Cities and Systems of Cities,SH3,2010,FR,FR,,FR,,,F,http://geodivercity.parisgeo.cnrs.fr/blog/,1946,1.8,60,No,
201005,Withagen,Cornelius,7,Stichting VU-VUMC,,,,1,,NL,GP,Combating climate change: political economy of Green Paradoxes,SH3,2010,NL,NL,,NL,,,M,http://www.nwo.nl/en/research-and-results/research-projects/64/2300170564.html,,2.74,60,No,
201006,Goebel,Rainer,1,Universiteit Maastricht,5.71574883305074,50.8385643969288,university,1,,NL,COLUMNARCODECRAKING,"Cracking the columnar-level code in the visual hierarchy: Ultra high-field 
functional MRI, neuro-cognitive modelling and high-resolution brain-computer ",SH4,2010,DE,DE,,DE,,,M,,,2.47,60,No,
201007,Avanzini,Alessandra ,1,Universita di Pisa,10.3969022583997,43.7206804,university,1,,IT,DASI,Digital Archive for the study of pre-Islamic Arabian inscripctions,SH5,2010,IT,IT,,IT,,,F,http://www.dasiproject.eu/index.php?id=2,,2.13,60,,
201008,Proust,Joëlle,5,École Normale Supérieure,2.34479257246029,48.84170815,university,1,,FR,DIVIDNORM,Divided Metacognition: when epistemic norms conflict,SH4,2010,FR,FR,,FR,,,F,http://www.dividnorm.ens.fr/,,2.36,60,No,
201009,Bailey,Geoffrey Nigel,12,University of York ,-1.03229520320431,53.94540695,university,1,,UK,DISPERSE,"Dynamic Landscapes, Coastal Environments and Human Dispersals",SH6,2010,UK,UK,,UK,,,M,http://www.york.ac.uk/archaeology/research/current-projects/disperse/,,2.55,60,No,
201010,Blossfeld,Hans-Peter,12,European University Institute ,12.1029629,49.014817,university,1,,IT,eduLIFE,Education as a Lifelong Process – Comparing Educational Trajectories in Modern Societies,SH2,2010,DE,DE,,DE,,,M,http://edulife.eui.eu/Home.aspx,1954,2.49,60,No,
201011,Micklitz-Roesler,Hans-Wolfgang,3,European University Institute ,12.1029629,49.014817,university,1,,IT,ERPL,European Regulatory Private Law,SH2,2010,DE,DE,,DE,,,M,http://blogs.eui.eu/erc-erpl/,,2.1,60,No,
201012,Cabré,Anna,1,Unversitat Autònoma de Barcelona (UAB),,,,1,,ES,5COFM,Five Centuries of Marriages,SH6,2010,ES,ES,,FR (BA)/ES,,,F,http://dag.cvc.uab.es/projects/five-centuries-of-marriages,1943,1.85,60,Yes,
201013,Gosden,Christopher Hugh,7,"The Chancellor, Masters and Scholars of the Uiversity of Oxford",,,,1,,UK,ENGLAIGD,Landscape and Identities: the case of the English Landscape 1500 BC- Ad1086,SH6,2010,UK,UK,,,,,M,http://englaid.wordpress.com/,,2.06,60,,
201014,Bacchetta,Philippe Jean Louis,15,Universite de Lausanne,6.59044552120393,46.52236185,university,1,,CH,LIQRISK,Liquidity and Risk in Macroeconomic Models,SH1,2010,CH,CH,,CH/USA (MA&PhD),,,M,,,2.07,60,Yes,
201015,Chemla,Karine,3,Centre National de la Recherche Scientifique (CNRS),5.69990402259275,45.203654,university,2,,FR,SAW,Mathematical Sciences in the Ancient World,SH6,2010,FR,FR,,FR,,,F,http://sawerc.hypotheses.org/,1958,1.9,60,No,
201016,Vertovec,Steven Allen,10, Max-Planck-Gesellschaft zur Förderung der Wissenschaften e. V.,,,,2,,DE,GLOBALDIVERCITIES,"Migration and New Diversities in Global Cities: Comparatively Conceiving, Observing and Visualizing Diversification in Urban Public Space",SH2,2010,USA,USA,,USA/UK (PhS),,,M,http://www.mmg.mpg.de/subsites/globaldivercities/about/,1957,2.29,60,No,
201017,Della Porta,Donatella Alessandra,8,European University Institute ,12.1029629,49.014817,university,1,,IT,MOBILIZING4DEMOCRACY,Mobilizing for democracy: Democratization processes and the mobilization of civil society,SH2,2010,IT,IT,,IT/FR (MA)/IT (PhD),,,F,http://cosmos.eui.eu/Projects/MoDe.aspx,1956,1.75,60,Yes,
201018,Rubinstein,Ariel,14,Tel Aviv University,34.8046014439046,32.11218665,university,1,,IL,MODELING TYPOLOGIES,Modeling new typologies of economic agents,SH1,2010,IL,IL,,IL,,,M,,1951,1,60,No,
201019,Friederici-Haag,Angela Dorkas,4, Max-Planck-Gesellschaft zur Förderung der Wissenschaften e. V.,,,,2,,DE,NEUROSYNTAX,Neural basis of syntax in the developing brain,SH4,2010,DE,DE,,DE/CH (PhD),,,F,,1952,2.37,60,No,
201020,Richardson,Brian Frederick,1,University of Leeds,-1.55227986401975,53.8040031590523,parking,1,,UK,ITALIANVOICES,"Oral culture, manuscript and print in early modern Italy, 1450-1700",SH5,2010,UK,UK,,UK,,,M,http://arts.leeds.ac.uk/italianvoices/people/,,1.45,48,,
201021,Aouad,Maroun,1,Centre National de la Recherche Scientifique (CNRS),5.69990402259275,45.203654,university,2,,FR,PHIC,"Philosophy in Context : Arabic and Syriac manuscripts transmission in the 
Mediterranean World",SH5,2010,,,,,,,M,,,2.5,60,,
201022,Maniquet,François Paul ,11,Universite Catholique de Louvain,4.614801,50.669824,university,1,,BE,PORESP,"Poverty, Resource Equality, and Social Policies",SH1,2010,BE,BE,,BE,,,M,http://sites.uclouvain.be/poresp/,1965,1.35,60,No,
201023,Mehler,Jacques,30,Scuola Internazionale Superiore di Studi Avanzati,,,,1,,IT,PASCAL,Processing Activates Specific Constraints for Language Acquisition,SH4,2010,ES,,,AR/UK/USA (PhD),,,M,,1936,2.5,60,No,
201024,Tacke,Andreas,0,Universität Trier,6.6751483,49.7479507,library,1,,DE,ARTIFEX,Redefining Boundaries: Artistic training by the guilds in Central Europe up to the dissolution of the Holy Roman Empire,SH5,2010,DE,DE,,DE,,,M,http://www.lehrstuhl-kunstgeschichte-trier.de/,1954,1.67,60,No,
201025,Znepolski,Ivaylo Boyanov,0,Sofiski Universitet Sveti Kliment Ohridski,,,,1,,BG,RESOCEA,Regime and Society in Eastern Europe (1956 - 1989). From Extended Reproduction to Social and Political Change,SH6,2010,BG,BG,,,,,M,http://resocea.uni-sofia.bg/?p=76,1940,1.03,48,,
201026,Roberts,Ian Gareth,4,"The Chancellor, Masters and Scholars of the University of Cambridge",,,,1,,UK,RECOS,Rethinking Comparative Syntax,SH4,2010,UK,UK,,FR (BA)/UK (BA&MA)/USA (PhD),,,M,http://www-falcon.csx.cam.ac.uk/site/RECOS/,1957,2.48,60,No,
201027,Kaldor,Mary,6,London School of Economics and Political Science,-0.1167573,51.5137751,university,1,,UK,SIT-SG,Security in transition: An Interdisciplinary Investigation into the Security gap,SH2,2010,UK,UK,,UK,,,F,http://t.co/Jt6pdwuQDs,1946,2.39,60,No,
201028,Pohl,Walter,1,Universität Wien,16.3606814491187,48.2131165,university,1,,AT,SCIRE,"Social Cohesion, Identity and Religion in Europe, 400-1200",SH6,2010,AT,AT,,AT,,,M,http://www.univie.ac.at/scire/index.php?seite=home&lang=en,1953,1.98,60,Yes,
201029,Rodríguez Pose,Andrés,23,London School of Economics and Political Science,-0.1167573,51.5137751,university,1,,UK,SPIKES,"Spatial spikes: bridging geography and economics to study distance, 
agglomeration, and policy",SH3,2010,ES,ES,,ES/BE (MSc)/ES (PhD)/IT (PhD),,,M,,1966,1.92,60,No,
201030,Santos,Boaventura,6,Centro de Estudos Sociais,-8.42256348690536,40.2089801,house,2,,PT,ALICE,"Strange Mirrors, Unsuspected Lessons: Leading Europe to a new way of sharing the world experiences",SH2,2010,PT,PT,,PT/USA (PhD),,,F,http://alice.ces.uc.pt/en/index.php/about/ces/?lang=pt,1940,2.42,60,No,
201031,Asher,Nicholas Michael,6,Université Tolouse III Paul Sabatier,,,,1,,FR,STAC,Strategic Conversation,SH4,2010,,,,USA (BA)/UK (BA)/USA (MA&PhD),,,M,http://www.irit.fr/STAC/,,1.98,60,No,
201032,Roy,Olivier,2,European University Institute ,12.1029629,49.014817,university,1,,IT,RELIGIOWEST,"The (re)construction and formatting of religions in the West through courts, social 
practices, public discourse and transnational institutions.",SH2,2010,FR,FR,,FR,,,M,http://www.eui.eu/Projects/ReligioWest/Home.aspx,1949,1.9,48,No,
201033,Ullman,Shimon,,Weizmann Institute of Science,34.8132739596932,31.9078204,university,2,,IL,DIGITALBABY,The emergence of understanding from the combination of innate mechanisms and visual experience,SH4,2010,IL,IL,,IL/USA (PhD),,,M,http://www.wisdom.weizmann.ac.il/~dannyh/DigitalBaby/DigitalBaby.html,1948,1.65,60,No,
201034,Levinson,Stephen Curtis,, Max-Planck-Gesellschaft zur Förderung der Wissenschaften e. V.,,,,2,,DE,INTERACT,The Interaction Engine: Interactive foundations for communication,SH4,2010,,,,UK/USA (MA&PhD),,,M,,,2.5,60,No,
201035,Follesdal,Andreas,,Universitetet i Oslo,10.720759769078,59.9388536773778,university,1,,NO,MultiRights,The Legitimacy of Multi-level Human Rights Judiciary,SH2,2010,,,,SE/NO (MA)/USA (PhD),,,M,http://www.jus.uio.no/pluricourts/english/projects/multirights/,,2.43,60,Yes,
201036,Engel,Andreas Karl,,Universitätsklinikum Hamburg-Eppendorf,9.97523475725548,53.59076025,hospital,1,,DE,MULTISENSE,The merging of the senses: understanding multisensory experience,SH4,2010,DE,DE,,DE,,,M,http://www.multisense.org/,1961,3.47,60,No,
201037,Büchel,Cristian Reiner,,Universitätsklinikum Hamburg-Eppendorf,9.97523475725548,53.59076025,hospital,1,,DE,PLACEBO,The placebo effect a window into the relationship between mind and body,SH4,2010,DE,DE,,DE,,,M,,1965,2.5,60,No,
201038,Laroque,Guy,,Institute for Fiscal Studies,,,,2,,UK,WSCWTBDS,The Welfare State in a Complex World Taxes and Benefits in a Diverse Society,SH1,2010,FR,FR,,FR,,,M,,1946,2.45,60,No,
201039,Mattingly,David John,,University of Leicester,-1.1245779,52.6213092,university,1,,UK,TRANS-SAHARA,"Trans-SAHARA: State Formation, Migration and Trade in the Central Sahara (1000 BC - AD 1500) ",SH6,2010,UK,UK,,UK,,,M,http://www2.le.ac.uk/departments/archaeology/research/projects/the-trans-sahara-project,1958,2.42,60,No,
201040,Kristiansen,Kristian,,Göteborgs Universitet,11.9724721854429,57.7006274,university,1,,SE,THE RISE,"Travels, transmissions and transformations in the 3rd and 2nd millennium BC in northern Europe: the rise of",SH6,2010,DK,DK,,DK,,,M,http://the-rise.se/,1948,2.49,60,No,
201041,Heckman,James Joseph,,University College Dublin,-6.2218882,53.3071709,university,1,,IE,DEVHEALTH,Understanding Health across the lifecourse: and integrated developmental approach,SH1,2010,USA,USA,,USA,,,M,http://geary.ucd.ie/devhealth/,1944,2.51,60,No,
201042,Robin,Jean-Marc,,Fondation Nationale des Sciences Politiques,,,,1,,FR,WASP,"Wage Dynamics, Sorting Patterns in Labour Markets and Policy Evaluation",SH1,2010,FR,FR,,FR,,,M,,,1.81,60,No,
201043,Lahiri,Aditi,,"The Chancellor, Masters and Scholars of the Uiversity of Oxford",,,,1,,UK,WORDS,"WORDS: Assimetry, change and processing in phonological mental representations",SH4,2010,IN,DE,,IN (PhD)/USA (PhD),,,F,,1952,2.37,60,No,
201101,Dupoux,Emanuel,,Ecole des Hautes Etudes en Sciences Sociales (EHESS),2.37201729215605,48.83595815,college,1,,FR,BOOTPHON, A computational approach to early language bootstrapping ,SH4,2011,FR,FR,,FR,,,M,http://www.lscp.net/persons/dupoux/bootphon/,1964,2.19,60,Yes,
201102,Kaplan,Yosef Mauricio,,The Hebrew University of Jerusalem,35.244723,31.7918555,university,1,,IL,DIASPORAINTRANSITION,A Diaspora in Transition - Cultural and Religious Changes in Western Sephardic Communities in the Early Modern Period,SH6,2011,AR,AR/IL,,IL,,,M,http://www.huji.ac.il/dataj/controller/ihoker/MOP-PROJ_LINK?project_id=014709&Save_t=,1944,1.67,60,Yes,
201103,Anderson,David George,,The University Court of the University of Aberdeen,,,,1,,UK,ARCTIC DOMUS,Arctic Domestication: Emplacing Human-Animal Relationships in the Circumpolar North,SH2,2011,,,,,,,,http://www.arcticdomus.org/,,2.5,60,,
201104,Carreiras Valiña,Manuel Francisco ,,Basque Center on Cognition Brain and Language (BCBL),,,,2,,ES,BILITERACY, Bi-literacy: Learning to read in L1 and in L2 ,SH4,2011,ES,ES,,ES,,,M,,1959,2.49,60,No,
201105,Passerini,Luisella,,Universita degli Studi di Torino,7.6998897,45.0742385,house,1,,IT,BABE,Bodies across borders: oral and visual memory in Europe and beyond,SH6,2011,IT,IT,,IT,,,F,,1941,1.49,60,Yes,
201106,Beatrice,De Gelder,,Stichting Katholieke Universiteit Brabant Universiteit van Tilburg,,,,1,,NL,EMOBODIES,Bodies express emotions and actions in sociocultural context,SH4,2011,BE,BE,,BE,,,F,,,2.5,60,No,
201107,Chater,Nicholas John,,The University of Warwick,-1.5604252,52.3793131,post_office,1,,UK,RATIONALITY,Cognitive and Social Foundations of Rationality,SH4,2011,UK,UK,,UK,,,M,,1965,2.03,60,No,
201108,Botticini,Maristella,,Universita Commerciale Luigi Bocconi,9.1888363053346,45.4497055389601,university,1,,IT,ECONOMICHISTORY,"Contracts, Institutions, and Markets in Historica",SH1,2011,IT,IT,,IT/USA (PhD),,,F,,,1.11,60,No,
201109,Okasha,Samir,,University of Bristol,-2.60484521799068,51.4550505359241,house,1,,UK,DARTCH,Darwinism and the Theory of Rational Choice,SH4,2011,UK,UK,,UK,,,M,http://www.bristol.ac.uk/arts/research/current-projects/evolution-rational-choice.html,,0.96,54,,
201110,Bradley,Daniel,,The Provost Fellows & Scholars Of The College Of The Holy And Undivided Trinity Of Queen Elizabeth Near Dublin,,,,1,,IE,CodeX,Decoding Domesticate DNA in Archaeological Bone and Manuscripts,SH6,2011,,,,,,,M,,,2.5,60,,
201111,Ottaviani,Marco Maria,,Universita Commerciale Luigi Bocconi,9.1888363053346,45.4497055389601,university,1,,IT,Evalidea,Designing Institutions to Evaluate Ideas,SH1,2011,IT,IT,,IT/USA (PhD),,,M,,,1.14,60,Yes,
201112,Magnac,Thierry,,"Fondation Jean-Jacques Laffont - 
Toulouse Sciences Economiques",,,,2,,FR,DYSMOIA,Dynamic Structural Economic Models: Identification and Estimation,SH1,2011,FR,FR,,FR,,,M,http://www.tse-fr.eu/index.php?option=com_content&task=view&id=843&Itemid=1&lang=en,1960,1.72,60,No,
201113,Michelacci,Claudio,,Fundación Centro de Estudios Monetarios y Financieros,,,,1,,ES,ESEMO,Estimation of General Equilibrium Labor Market Search Models,SH1,2011,IT,IT,,IT/UK (PhD),,,M,,1968,1.66,60,No,
201114,Mackenzie,Donald Angus,,The University of Edinburgh,-3.18638145,55.9489975,museum,1,,UK,EPIFM,Evaluation Practices in Financial Markets,SH2,2011,UK,UK,,UK,,,M,,1950,2.18,60,Yes,
201115,Pagano,Marco ,,Universita Degli Studi di Napoli Federico II,14.2577221346212,40.8454241,university,1,,IT,FINLAB,Finance and Labor,SH1,2011,IT,IT,,IT/UK (BA)/USA (PhD),,,M,,,1.87,60,Yes,
201116,Borgolte,Michael,,Humboldt-Universität zu Berlin,13.3935261270362,52.5187664,university,1,,DE,FOUNDMED,Foundations in Medieval Societies: Cross-cultural comparisions,SH6,2011,DE,DE,,DE,,,M,http://www.geschichte.hu-berlin.de/forschung-und-projekte/foundmed,1948,2.49,60,No,
201117,Fehr,Ernst,,University of Zurich,,,,1,,CH,FEP,Foundations of Economic Preferences,SH1,2011,AT,AT,,AT,,,M,http://www.econ.uzh.ch/fep.html,1956,2.49,60,No,
201118,Rosental,Paul-André,,Fondation Nationale des Sciences Politiques,,,,1,,FR,SILICOSIS,"From Silicosis to Chronic Respiratory diseases: an approach via epidemiological history (in France, Europe, Southern Africa, from the 1900s until today) ",SH6,2011,FR,FR,,,,,M,http://www.cee.sciences-po.fr/en/research/the-restructuring-of-the-state-and-public-action/erc.html,,1.63,60,,
201119,Nobile,Marco Rosario,,Universita degli Studi di Palermo,12.5348948477956,38.0335336800134,university,1,,IT,COSMED,From Stereotomy to Antiseismic Criteria: Crossroads of Experimental Design. Sicily and Mediterranean (XII-XVIII Century),SH5,2011,,,,,,,M,,,1.2,48,,
201120,Plomin,Robert,,King's College London,-0.116241319454848,51.5114285,university,1,,UK,GHCA,Genetics of High Cognitive Abilities,SH4,2011,USA,USA,,USA,,,M,,1948,2.46,60,No,
201121,Besnier,Nijo,,Universiteit van Amsterdam,4.8932189,52.3685548,museum,1,,NL,GLOBALSPORT,"Globalization, Sports and the Precarity of Masculinity",SH3,2011,DZ,US/NZ/FR,,USA,,,M,http://pacific.socsci.uva.nl/besnier/sports-mobility-project,,2.02,60,No,
201122,Lahr,Marta Mirazon,,"The Chancellor, Masters and Scholars of the University of Cambridge",,,,1,,UK,IN-AFRICA,In Africa: The Role of East Africa in the Evolution of Human Diversity,SH6,2011,AR,,,BR/ UK(PhD),,,F,http://in-africa.org/,1965,2.5,60,Yes,
201123,Walgrave,Stefaan Johan Aloys,,Universiteit Antwerpen,4.41542566587807,51.1781422,university,1,,BE,INFOPOL,"Information-processing by individual political actors. The determinants of exposure, attention and 
action in a comparative perspective",SH2,2011,BE,BE,,BE,,,M,http://www.infopol-project.org/index.php/infopol-project/,1966,2.5,60,No,
201124,Hooghe,Marc,,Universite Catholique de Louvain,4.614801,50.669824,university,1,,BE,LINKAGE,Linkage mechanisms between citizens and the state. Consequences of changing value patterns and expanding participation repertoires. ,SH2,2011,BE,BE,,BE,,,M,,1964,2.48,60,No,
201125,Rüpke,Jörg,,Universität Erfurt,11.0089973772444,50.99084575,university,1,,DE,LAR,"Lived Ancient Religion: Questioning ""cults"" and ""polis religion""",SH6,2011,DE,DE,,DE/UK/DE (PhD),,,M,http://www.uni-erfurt.de/max-weber-kolleg/projekte/kooperationsprojekte/lived-ancient-religion/,1962,2.33,60,No,
201126,Bolzoni,Lina,,Scuola Normale Superiore di Pisa,,,,1,,IT,LOOKINGATWORDS,Looking at Words Through Images. Some Case Studies for a Visual History of Italian Literature,SH5,2011,IT,IT,,,,,F,,,1.38,60,,
201127,Kaiser,Wolfgang,,Université Paris I Panthéon-Sorbonne,2.34433745528475,48.8469926,university,1,,FR,CONFIGMED,"Mediterranean configurations: Intercultural trade, commercial litigation and legal pluralism in historical perspective",SH6,2011,DE,DE,,DE/FR (MA)/IT (PhD),,,M,http://configmed.hypotheses.org/,,2.48,60,No,
201128,Sauer,Eberhard Wolfram,,The University of Edinburgh,-3.18638145,55.9489975,museum,1,,UK,PERSIA,Persia and its Neighbours: the Archaeology of Late Antique Imperial Power in Iran,SH6,2011,,,,UK,,,M,,,2.49,60,No,
201129,Marquilhas,Maria Rita Braga,,Universidade de Lisboa,-9.1561421,38.7533492,university,1,,PT,P.S.,Post Scriptum: A Digital Archive of Ordinary Writings (Early Modern Portugal and Spain),SH5,2011,PT,PT,,PT,,,F,http://www.clul.ul.pt/en/research-teams/462-post-scriptum-home,,1.82,60,Yes,
201130,Vallortigara,Giorgio,,Universita degli studi di Trento,11.1244639326972,46.0633829,house,1,,IT,PREMESOR,Predisposed mechanisms for social orienting: A comparative neuro-cognitive approach,SH4,2011,IT,IT,,IT,,,M,,1959,2.37,60,No,
201131,Dunbar,Robin Ian Macdonald,,"The Chancellor, Masters and Scholars of the University of Oxford",,,,1,,UK,RELNET,"Psychology of Relationships, Networks and Community Cohesion",SH4,2011,UK,UK,,UK,,,M,,1947,2.5,60,Yes,
201132,Henik,Avishai,,Ben-Gurion University of the Negev,34.8021347006935,31.2628262363171,university,1,,IL,SMiNC,Size Matters in Numerical Cognition ,SH4,2011,IL,IL,,IL,,,M,,1945,2.25,60,Yes,
201133,Miller,Daniel Malcolm Stuart,,University College London (UCL),-0.1352164,51.5216794,university,1,,UK,SOCNET,Social Network Sites and Social Science,SH2,2011,UK,UK,,UK,,,M,http://www.ucl.ac.uk/social-networking/,1954,2.48,60,No,
201134,Harrington,Jonathan Mark,,Ludwig Maximilians Universitaet Muenchen,11.5482838,48.2474261,veterinary,1,,DE,SCATS,Sound change and the acquisition of timing in speech,SH4,2011,UK,UK,,UK,,,M,,,1.93,60,No,
201135,Bernauer,Thomas Claudius,,Eidgenössische Technische Hochschule Zürich ,,,,1,,CH,SourceLeg,Sources of Legitimacy in Global Environmental Governance,SH3,2011,CH,CH,,CH,,,M,http://www.ib.ethz.ch/research/SourceLeg_ERC,,2.08,60,No,
201136,Neary,James Peter,,"The Chancellor, Masters and Scholars of the University of Oxford",,,,1,,UK,Superstarfirms,Superstar firms in the Global Economy,SH1,2011,IE,IE,,IE/UK (PhD),,,M,,1950,1.25,60,Yes,
201137,Shamma,Shihab,,École Normale Supérieure,2.34479257246029,48.84170815,university,1,,FR,ADAM,The Adaptive Auditory Mind,SH4,2011,,,,UK/ USA (MS&PhD),,,M,,,3.2,60,No,
201138,Warstat,Matthias,,Freie Universität Berlin,13.2768306922327,52.4493375344562,yes,1,,DE,AESTAPP,The Asthetics of Applied Theatre,SH5,2011,DE,DE,,DE,,,M,http://www.geisteswissenschaften.fu-berlin.de/en/v/applied-theatre/index.html,1972,2.29,60,Yes,
201139,Goldhill,Simon,,"The Chancellor, Masters and Scholars of the University of Cambridge",,,,1,,UK,BIBLANT,The Bible and Antiquity in the 19th-Century,SH5,2011,,,,,,,M,http://www.crassh.cam.ac.uk/programmes/bible-antiquity,,2.5,60,,
201140,Deco,Gustavo,,Universitat Pompeu Fabra (UPF),,,,1,,ES,DYSTRUCTURE,The Dynamical and Structural Basis of Human Mind Complexity: Segregation and Integration of Information and Processing in the Brain,SH4,2011,AR,AR,,AR/DE (PhD),,,M,,1961,2.47,60,No,
201141,Adelaar,Willem F. H.,,Universiteit Leiden,4.4898611,52.1561375,university,1,,NL,MesAndLin(g)k,The Linguistic Past of Mesoamerica and the Andes: A search for early migratory relations between North and South America,SH4,2011,NL,NL,,NL/PE (PhD),,,M,,1948,2.6,60,No,
201142,Eriksen,Geir Thomas Hylland ,,Universitetet i Oslo,10.720759769078,59.9388536773778,university,1,,NO,OVERHEATING,The three crises of globalisation: An anthropological history of the early 21st century ,SH3,2011,,,,,,,M,http://www.sv.uio.no/sai/english/research/projects/overheating/,1962,2.5,60,,
201143,Whittle,Alasdair,,Cardiff University,-3.17976221083683,51.4878948091418,university,1,,UK,TheTimesOfTheirLives,The times of their lives: towards precise narratives of change in the European Neolithic through formal chronological modelling,SH6,2011,UK,UK,,UK,,,M,http://totl.eu/,,2.54,60,No,
201144,Jansen,Maarten Evert Reinoud Gerard Nicolaas,,Universiteit Leiden,4.4898611,52.1561375,university,1,,NL,TimeIntercultural,Time in Intercultural Context: The Indigenous Calendars of Mexico and Guatemala,SH5,2011,NL,NL,,NL,,,M,http://www.archaeology.leiden.edu/research/middle-america/current/time-in-intercultural-context.html,1952,2.5,60,Yes,
201145,Biais,Bruno,,"Fondation Jean-Jacques Laffont - 
Toulouse Sciences Economiques",,,,2,,FR,TAP,Trading and post-trading,SH1,2011,FR,FR,,FR,,,M,,1965,0.7,60,No,
201146,Poretti,Sergio,,Universita degli studi di Roma Tor Vergata,,,,1,,IT,SIXXI,Twentieth Century Structural Engineering: the Italian contribution,SH5,2011,IT,IT,,,,,M,http://www.tulliaiori.com/SIXXI/project.php,,0.99,60,,
201147,Waylen,Georgina,,The University of Manchester,-2.23138140141578,53.4679759442225,yes,1,,UK,UIC,Understanding Institutional Change: A Gender Perspective,SH2,2011,,,,,,,F,http://www.socialsciences.manchester.ac.uk/disciplines/politics/research/uic/,,2.17,60,,
201148,Hess,Hans Volker,,Charité – Universitätsmedizin Berlin,13.3898227701807,52.5233105241424,yes,1,,DE,PAPERTECH,"Ways of writing. How physicians know, 1550-1950",SH6,2011,,,,,,,M,,,2.48,60,,
201149,Steinmo,Sven Holger,,European University Institute,12.1029629,49.014817,university,1,,IT,WILLINGTOPAY,Willing to Pay? Testing Institutionalist Theory with Experiments,SH2,2011,,,,USA,,,M,,,2.49,60,No,
201150,Staeheli,Lynn,,University of Durham,,,,1,,UK,YOUCITIZEN,"Youth Citizenship in Divided Societies: Between Cosmpolitanism, Nation, and Civil Society",SH3,2011,,,,USA,,,F,https://www.dur.ac.uk/geography/research/youcitizen/,,2.42,60,No,
201201,O'regan,John Kevin,,Université Paris Descartes,2.31326936447125,48.8439462689644,university,1,,FR,FEEL,"A new approach to understanding consciousness: how ""feel"" arises in humans and (possibly) robots",SH4,2012,,USA,,UK,,,M,http://lpp.psycho.univ-paris5.fr/feel/,1948,2.5,60,No,
201202,Dupre,John Austin,,The University of Exeter,-3.53666356506029,50.7378738,university,1,,UK,PROBIO,A Process Ontology for Contemporary Biology,SH4,2012,UK,UK,,UK,,,M,,1952,1.95,60,No,
201203,Thornhill,Christopher John,,The University of Manchester,-2.23138140141578,53.4679759442225,yes,1,,UK,STC,A Sociology of the Transnational Constitution,SH2,2012,,,,,,,M,,,1.21,36,,
201204,De Ligt,Lukas,,Universiteit Leiden,4.4898611,52.1561375,university,1,,NL,EMPIRE2000CITIES,An empire of 2000 cities: urban networks and economic integration in the Roman empire,SH6,2012,,,,,,,M,,,2.5,60,,
201205,Hedström,Mats Peter ,,Institutet för Framtidsstudier,,,,2,,SE,ANALYTICAL SOCIOLOGY,Analytical Sociology: Theoretical Developments and Empirical Research,SH2,2012,SE,SE,,SE/USA (PhD),,,M,http://www.iffs.se/eng/projekt/analytical-sociology-theoretical-developments-and-empirical-research/,1955,1.75,60,No,
201206,Marcet Torrens,Albert,,"Consorci Markets, Organizations and Votes 
in Economics",,,,2,,ES,APMPAL,Asset Prices and Macro Policy when Agents Learn,SH1,2012,ES,ES,,ES/USA (PhD),,,M,,1960,1.97,60,No,
201207,Glasius,Marlies,,Universiteit van Amsterdam,4.8932189,52.3685548,museum,1,,NL,AuthoritarianGlobal,"Authoritarianism in a Global Age: Controlling Information and Communication, Association and People Movement ",SH2,2012,NL,NL,,NL,,,M,,1961,2.45,60,,
201208,Stern,Sacha David,,University College London (UCL),-0.1352164,51.5216794,university,1,,UK,CALENDARS,Calendars in late Antiquity and the Middle Ages: standardization and fixation,SH6,2012,,,,UK,,,M,http://www.ucl.ac.uk/hebrew-jewish/research/research-pro/calendars-antiquity-middle-ages,,2.5,60,,
201209,Critchley,Hugo Dyfrig,,University of Sussex,-0.087786539865832,50.8681436,university,1,,UK,CCFIB,Cardiac Control of Fear in Brain,SH4,2012,,,,UK,,,M,,,1.91,48,,
201210,Fox,Elaine,,"The Chancellor, Masters and Scholars of the University of Oxford",,,,1,,UK,COGBIAS,"Cognitive Biases - Windows into the Mechanisms underlying Emotional Vulnerability and Resilience

",SH4,2012,,,,,,,F,,,2.49,60,,
201211,Fuller,Dorian,,University College London (UCL),-0.1352164,51.5216794,university,1,,UK,COMPAG,Comparative Pathways to Agriculture: the archaeobotany of parallel and divergent plant domestications across world regions,SH6,2012,,,,USA/UK (MA&PhD),,,M,http://www.ucl.ac.uk/archaeology/research/directory/compag-fuller,,2.04,60,No,
201212,Liefbroer,Aart Cornelis,,Koninklijke Nederlandse Akademie van Wetenschappen,,,,2,,NL,CONOPP,"Contexts of Opportunity: Explaining Cross-National Variation in the Links Between Childhood Disadvantage, Young Adult Demographic Behaviour and Later-Life Outcomes",SH3,2012,NL,NL,,NL,,,M,,1958,1.55,60,No,
201213,Garcia-Arenal Rodríguez,Mercedes,,Consejo Superior de Investigaciones Científicas (CSIC),,,,2,,ES,CORPI,"Conversion, Overlapping Religiosities, Polemics, Interaction: Early Modern Iberia and Beyond ",SH6,2012,ES,ES,,ES,,,F,,,2.5,60,No,
201214,Pissarides,Christoforos,,University of Cyprus,33.3778192010893,35.1599199,university,1,,CY,EUROEMP,Employemet in Europe,SH1,2012,CY,CY/UK,,UK,,,M,,1948,2.2,60,No,
201215,Elbert,Thomas Rudolf,,Universität Konstanz,9.1893913760406,47.6899379,university,1,,DE,MEMOTV,"Epigenetic, neural and cognitive memories of traumatic stress and violence",SH4,2012,DE,DE,,DE,,,M,,1950,2.38,60,No,
201216,Burton,Anthony Michael,,The University Court of the University of Aberdeen,,,,1,,UK,FACEVAR,Face Recognition: Understanding the role of within-person variability,SH4,2012,,,,,,,M,,,1.5,48,,
201217,Dykstra,Pearl Annette,,Erasmus Universiteit Rotterdam,4.5264599,51.9176835,university,1,,NL,FAMILIES IN CONTEXT,"Families in context: Unraveling the ways in which policy, economic, and cultural contexts structure generational interdependencies in families and their life outcomes ",SH3,2012,CA,CA,,CA/NL (PhD),,,F,,1956,2.18,60,No,
201218,Grundy,Emily Marjatta Dorothea ,,"The Chancellor, Masters and Scholars of the University of Cambridge",,,,1,,UK,FAMHEALTH,"Family life courses, intergenerational exchanges and later life health",SH3,2012,UK,UK,,UK,,,F,,,1.42,60,Yes,
201219,Malone,Caroline Ann Tuke,,The Queen's University of Belfast,-5.93398621319338,54.58427975,university,1,,UK,FRAGSUS,"Fragility and sustainability in restricted island environments: adaptation, cultural change and collapse in prehistory",SH6,2012,UK,UK,,UK,,,F,http://www.qub.ac.uk/sites/FRAGSUS/,,2.49,60,No,
201220,Geller,Markham Judah,,Freie Universität Berlin,13.2768306922327,52.4493375344562,yes,1,,DE,BABMED,Fragments of cuneiform medicine in the Babylonian Talmud: Knowledge Transfer in Late Antiquity ,SH5,2012,USA,USA,,USA,,,M,http://www.geschkult.fu-berlin.de/en/e/babmed/babmed.html,,2.23,60,No,
201221,Narotzky Molleda,Susana Elena,,Universitat de Barcelona,2.16347136918318,41.38681505,university,1,,ES,GRECO,"Grassroots economics: Meaning, project and practice in the pursuit of livelihood",SH2,2012,,ES,,ES/USA (PhD),,,F,,1958,2.41,60,Yes,
201222,Haggard,Patrick ,,University College London (UCL),-0.1352164,51.5216794,university,1,,UK,HUMVOL,"Human Volition, Agency and Responsibility",SH4,2012,,,,UK,,,M,http://turingc.blogspot.com.es/2012/07/patrick-haggard-volition-and-agency.html,,1.98,60,No,
201223,Gori,Alessandro,,Universita degli Studi di Firenze,11.0988225625211,43.8852854175552,university,1,,IT,ISLHORNAFR,Islam in the Horn of Africa: A Comparative Literary Approach,SH5,2012,IT,IT,,IT,,,M,http://www.islhornafr.eu/,1956,1.55,60,Yes,
201224,Ingold,Timothy,,The University Court of the University of Aberdeen,,,,1,,UK,KFI,"Knowing from the inside: anthropology, art, architecture and design",SH2,2012,UK,UK,,UK,,,M,,1948,2.43,60,No,
201225,Jäger,Gerhard,,Eberhard Karls Universität Tübingen,10.408621417141,47.5086958503779,hostel,1,,DE,EVOLAEMP,Language Evolution: The Empirical Turn,SH4,2012,DE,DE,,DE,,,M,http://www.sfs.uni-tuebingen.de/~gjaeger/evolaemp/,1967,2,60,No,
201226,Lavy, Victor,,The Hebrew University of Jerusalem,35.244723,31.7918555,university,1,,IL,EDUCATION-LONG-RUN,Long-Run Effects of Education Interventions: Evidence from Randomized Trials,SH1,2012,IL,IL,,IL/USA (MA&PhD),,,M,,,1.52,60,Yes,
201227,Sebastian-Galles,Nuria,,Universitat Pompeu Fabra (UPF),,,,1,,ES,UNDER CONTROL,Mechanisms of cognitive control and language learning,SH4,2012,ES,ES,,ES,,,F,,,2.5,60,Yes,
201228,Thorpe,Simon Jonathan,,Centre National de la Recherche Scientifique (CNRS),5.69990402259275,45.203654,university,2,,FR,M4,Memory Mechanisms in Man and Machine,SH4,2012,,,,UK,,,M,,1958,2.5,60,No,
201229,Beck,Ulrich Wilhelm,,Ludwig Maximilians Universitaet Muenchen,11.5482838,48.2474261,veterinary,1,,DE,COSMO-CLIMATE,Methodological Cosmopolitanism - In the Laboratory of Climate Change,SH2,2012,DE,DE,,DE,,,M,,1944,2.27,60,No,
201230,Helbing,Dirk,,Eidgenössische Technische Hochschule Zürich ,,,,1,,CH,MOMENTUM,Modeling the Emergence of Social Complexity and Order: How Individual and Societal Complexity Co-Evolve ,SH2,2012,DE,DE,,DE,,,M,,1965,2.5,60,No,
201231,Kabir,Ananya Jahanara,,King's College London,-0.116241319454848,51.5114285,university,1,,UK,MODERNMOVES,Modern Moves: Kinetic Transnationalism and Afro-Diasporic Rhythm Cultures,SH5,2012,IN,IN,,IN/UK (MA&PhD),,,F,https://kclpure.kcl.ac.uk/portal/en/projects/modernmoves--kinetic-transnationalism-and-afrodiasporic-rhythm-cultures(10d7f5c7-31c4-468e-b90f-1f93b3566a31).html,,2.21,60,No,
201232,Parker,Roger Leslie,,King's College London,-0.116241319454848,51.5114285,university,1,,UK,MUSLOND,"Music in London, 1800-1851",SH5,2012,UK,UK,,UK,,,M,https://kclpure.kcl.ac.uk/portal/en/projects/muslond--music-in-london-18001851(de923475-523d-46e5-810a-af7a59c82bf5).html,,1.88,60,Yes,
201233,Schlenker,Philippe David,,Centre National de la Recherche Scientifique (CNRS),5.69990402259275,45.203654,university,2,,FR,FRONTSEM,New Frontiers of Formal Semantics,SH4,2012,FR,FR,,FR(USA (PhD),,,M,,,2.49,60,No,
201234,Thomas,Nicholas Jeremy,,"The Chancellor, Masters and Scholars of the University of Cambridge",,,,1,,UK,PAC-PRES,Pacific Presences: Oceanic Art and European Museums,SH5,2012,UK,UK,,UK,,,M,,1960,2.27,60,,
201235,Humphreys ,Glyn William,,"The Chancellor, Masters and Scholars of the University of Oxford",,,,1,,UK,PEPE,Personal Perception,SH4,2012,,,,,,,M,,,2.11,60,,
201236,Higham,Thomas Franklin George,,"The Chancellor, Masters and Scholars of the University of Oxford",,,,1,,UK,PALAEOCHRON,Precision dating of the Palaeolithic: chronological mapping of the Middle and Upper  Palaeolithic of Eurasia,SH6,2012,UK,,,NZ,,,M,,1966,2.49,60,No,
201237,Cavanagh,Patrick,,Université Paris Descartes,2.31326936447125,48.8439462689644,university,1,,FR,POSITION,Predictive Position Coding,SH4,2012,,,,,,,M,,,1.99,48,,
201238,Moors,Allegonde Christina Anna Elisabeth,,Universiteit van Amsterdam,4.8932189,52.3685548,museum,1,,NL,MUSLIMMARRIAGES,Problematizing ‘Muslim Marriages’: Ambiguities and Contestations,SH2,2012,,,,,,,F,,,2.5,60,,
201239,Kremmitzer,Mordechai,,The Israel Democracy Institute ,,,,2,,IL,PIPP,Proportionality in Public Policy: Towards a Better Balance between Interests and Rights in Decision-Making ,SH2,2012,DE,IL,,IL,,,M,http://en.idi.org.il/projects/constitution-and-democratic-principles/proportionality-in-public-policy,1948,2.4,60,No,
201240,Battigalli,Pierpaolo Lorenzo Aurelio,,Universita Commerciale Luigi Bocconi,9.1888363053346,45.4497055389601,university,1,,IT,STRATEMOTIONS,Reasoning About Strategic Interaction and Emotions,SH1,2012,IT,IT,,IT/UK (MS)/IT (PhD),,,M,,1961,1.21,60,Yes,
201241,Scherbov,Serguei Jakob,,"Internationales Institut für Angewandte 
Systemanalyse",16.3583478392782,48.0689390780019,house,2,,AT,Re-Ageing,Reassessing Ageing from a Population Perspective,SH3,2012,RU,NL/RU,,RU,,,M,http://www.oeaw.ac.at/wic/index.php?id=137,1952,2.25,60,No,
201242,Benvenisti,Eyal,,Tel Aviv University,34.8046014439046,32.11218665,university,1,,IL,GLOBALTRUST,Sovereigns as Trustees of Humanity: The Obligations of Nations in an Era of Global Interdependence,SH2,2012,IL,IL,,IL/USA (PhD),,,M,http://globaltrust.tau.ac.il/,,1.41,60,No,
201243,Ellis,John Cyril Paget Ellis,,Royal Holloway and Bedford New College,,,,1,,UK,ADAPT,The Adoption of New Technological Arrays in the Production of Broadcast Television S,SH5,2012,,,,,,,M,http://www.adapttvhistory.org.uk/,,1.68,60,,
201244,Newell,Stephanie,,University of Sussex,-0.087786539865832,50.8681436,university,1,,UK,DIRTPOL,"The Cultural Politics of Dirt in Africa, 1880 - present",SH5,2012,UK,UK,,UK,,,F,,1968,2.21,60,No,
201245,Dustmann,Christian,,University College London (UCL),-0.1352164,51.5216794,university,1,,UK, DMEA,The Dynamics of Migration and Economic Adjustment,SH1,2012,DE,DE,,DE/IT (PhD),,,M,,,1.13,60,No,
201246,Verdier,Thierry,,École Normale Supérieure,2.34479257246029,48.84170815,university,1,,FR,TECTACOM,"The Economics of Cultural Transmission and Applications to Communities,Organizations and Markets ",SH1,2012,FR,FR,,FR,,,M,,,1.8,60,No,
201247,Orban,Guy A. ,,Università degli studi di Parma,10.3352628167627,44.8042518340185,university,1,,IT,PARIETALACTION,The human Parietal Lobe,SH4,2012,,,,,,,M,,,2.48,60,,
201248,Storesletten,Kjetil,,Universitetet i Oslo,10.720759769078,59.9388536773778,university,1,,NO,MACROINEQUALITY,"The Macroeconomics of Inequality, Development and the Welfare State",SH1,2012,NO,NO,,NO/USA (PhD),,,M,http://www.sv.uio.no/esop/english/research/projects/MACROINEQUALITY/,1967,2.15,60,No,
201249,Lippi,Francesco,,Instituto Einaudi per l'Economia e la Finanza,,,,2,,IT,MEF,The macroeconomic effects of microeconomic inaction,SH1,2012,IT,IT,,IT/NL (PhD),,,M,,,1.95,60,No,
201250,Bramanti,Barbara,,Universitetet i Oslo,10.720759769078,59.9388536773778,university,1,,NO,MEDPLAG,"The medieval plagues: ecology, transmission modalities and routes of the infections.",SH6,2012,IT,IT,,IT,,,F,,,2.5,60,No,
201251,Evershed,Richard Peter,,University of Bristol,-2.60484521799068,51.4550505359241,house,1,,UK,NEOMILK,The Milking Revolution in Temperate Neolithic Europe,SH6,2012,UK,UK,,UK,,,M,,,2.46,60,No,
201252,Kitchin,Robert Michael,,National University of Ireland Maynooth,-6.60105592143088,53.3846719704564,university,1,,IE,SOFTCITY,The Programmable City,SH3,2012,,,,,,,M,,,2.31,60,,
201253,Pernicka,Ernst,,Eberhard Karls Universität Tübingen,10.408621417141,47.5086958503779,hostel,1,,DE,BRONZEAGETIN,Tin Isotopes and the Sources of Bronze Age Tin in the Old World,SH6,2012,AT,AT,,AT/DE (PhD),,,M,,1950,2.34,60,No,
201254,Imrie,Robert,,King's College London,-0.116241319454848,51.5114285,university,1,,UK,UNIDESIGN,"Universalism, universal design and equitable access to the designed environment

",SH3,2012,,,,,,,M,https://kclpure.kcl.ac.uk/portal/en/projects/unidesign--universalism-universal-design-and-equitable-access-to-the-designed-environment(7a61fa82-ce6b-4ed8-88c0-77d1c71c7c95).html,,0.85,36,,
201255,Csalog,Zsoltné,,Pecsi Tudomaniegyetem,,,,1,,HU,EAST-WEST,"Vernacular religion on the boundary of Eastern and Western Christianity: continuity, changes and interactions

",SH2,2012,,,,,,,M,,,2.08,60,,
201256,Hardon,Anita Petra,,Universiteit van Amsterdam,4.8932189,52.3685548,museum,1,,NL,CHEMICALYOUTH,What chemicals do for youths in their everyday lives,SH2,2012,NL,NL,,NL,,,F,,1961,2.49,60,Yes,
201257,Theeuwes,Johannes,,Stichting VU-VUMC,,,,1,,NL,REWARDVIEW,What you get is what you see: How Reward Determines Perception,SH4,2012,,,,,,,M,,,2.49,60,,
201258,Burgat,François Jean-Marie,,Centre National de la Recherche Scientifique (CNRS),5.69990402259275,45.203654,university,2,,FR,WAFAW,When Authoritarianism Fails in the Arab World : Processes and Prospects,SH2,2012,FR,FR,,,,,M,http://www.wafaw.org/,,1.91,48,,
201259,Heck,Michèle Alice Caroline,,Université Montpellier III Paul Valery,3.87013320179853,43.63250975,university,1,,FR,LEXART,WORDS FOR ART: The rise of a terminology in Europe (1600-1750),SH5,2012,FR,FR,,,,,F,http://crises.upv.univ-montp3.fr/relations-internationales/relazioni-internazionali/progetti-scientifici-internazionali/lexart-words-for-art-the-rise-of-a-terminology-1600-1750-italiano/,,1.68,60,,